inst_id,OC,sido,sgg,openDate,bedCount,instkind,revenue1,salescost1,sga1,salary1,noi1,noe1,interest1,ctax1,profit1,liquidAsset1,quickAsset1,receivableS1,inventoryAsset1,nonCAsset1,tanAsset1,OnonCAsset1,receivableL1,debt1,liquidLiabilities1,shortLoan1,NCLiabilities1,longLoan1,netAsset1,surplus1
1,open,choongnam,73,20071228,175,nursing_hospital,4217530010 ,0 ,3961134739 ,2033835290 ,15652441 ,15236236 ,13236236 ,31641798 ,225169678 ,1012699685 ,997671878 ,470055740 ,15027807 ,2514586477 ,2360683543 ,143449600 ,0 ,682825991 ,201323700 ,0 ,481502291 ,351000000 ,2844460171 ,1496394171 
3,open,gyeongnam,32,19970401,410,general_hospital,NA,NA,NA,NA,NA,NA,NA,NA,NA,NA,NA,NA,NA,NA,NA,NA,NA,NA,NA,NA,NA,NA,NA,NA
4,open,gyeonggi,89,20161228,468,nursing_hospital,1004521989 ,515483669 ,447219722 ,296402310 ,76156 ,30000 ,0 ,0 ,41864754 ,272442138 ,253682170 ,8095950 ,18759968 ,120481028 ,120481028 ,0 ,0 ,92414342 ,92414342 ,0 ,0 ,0 ,300508824 ,0 
7,open,incheon,141,20000814,353,general_hospital,72507342181 ,0 ,70677397660 ,31786048663 ,506223059 ,1259567512 ,1196881219 ,173769780 ,902830288 ,13041543085 ,11534749645 ,0 ,1506793440 ,43179356963 ,38320784344 ,3945208068 ,0 ,42363797762 ,27991880794 ,19885197610 ,14371916968 ,7253039927 ,13857102286 ,8643659325 
9,open,gyeongnam,32,20050901,196,general_hospital,49043538016 ,0 ,47656051197 ,24460782270 ,112352259 ,1419089382 ,1307248652 ,0 ,80749696 ,6317084032 ,5873265455 ,4099320115 ,443818577 ,43667333124 ,43306130668 ,222340000 ,0 ,49898105519 ,28909188091 ,17930375498 ,20988917428 ,13500000000 ,86311637 ,9025549604 
11,open,gyeongnam,155,20020501,243,general_hospital,33580536703 ,9222996930 ,23727912054 ,16655333342 ,65414325 ,741269419 ,336462245 ,0 ,46227375,5635104883 ,5481680248 ,663481970 ,153424635 ,18649703167 ,18499383217 ,136458178 ,0 ,0 ,18499383217 ,17180526895 ,0 ,0 ,0 ,3664918487 
14,open,gyeonggi,169,19820702,213,general_hospital,22552179836 ,4449958166 ,16573328452 ,11073956461 ,305646045 ,970008848 ,940942802 ,0 ,864530415 ,11407504260 ,11236305651 ,143205215 ,171198609 ,27132228446 ,26616290889 ,469765334 ,0 ,24122304855 ,20349004855 ,15196930457 ,3773300000 ,3723300000 ,14417427851 ,9158248178 
15,open,busan,66,19871102,250,general_hospital,64359169160 ,20758010719 ,40882537264 ,26822603567 ,1426186507 ,3166922895 ,465983760 ,524566650 ,453318139 ,12756514354 ,11879215739 ,5958385250 ,877298615 ,38592616814 ,37877928790 ,36128430 ,0 ,46886016081 ,25563222472 ,13000000000 ,21322793609 ,999960000 ,4463115087 ,0 
16,open,jeonnam,91,20060922,280,nursing_hospital,12748392940 ,328697683 ,11076189315 ,7155936637 ,261621144 ,579079483 ,167471911 ,252452530 ,773595073 ,4134272657 ,4119094934 ,0 ,15177723 ,11669322694 ,11559128195 ,86400000 ,0 ,0 ,11559128195 ,12796517802 ,21180790 ,0 ,0 ,0 
17,open,seoul,4,20000124,55,general_hospital,41406077905 ,6624671265 ,35120182720 ,19796589281 ,708476429 ,1000118143 ,448540747 ,53741720 ,684159514,4539942834 ,3924282684 ,2956588623 ,615660150 ,45720311419 ,43439124409 ,0 ,0 ,30534327153 ,16654601334 ,12459978161 ,13879725819 ,2270940000 ,19725927100 ,9070300542 
18,open,gyeonggi,92,20080219,250,general_hospital,49669173562 ,8844036521 ,38845605937 ,22985012106 ,423613410 ,2034357679 ,1462729706 ,11840547 ,356946288 ,11434839492 ,11172140366 ,142664146 ,262699126 ,60683376120 ,59661914864 ,443318000 ,0 ,52901576100 ,24429396302 ,12141126926 ,28472179798 ,21888979343 ,19216639512 ,0 
19,open,jeonbuk,136,20130605,656,nursing_hospital,14819927146 ,0 ,14334987909 ,7603418730 ,272732334 ,310062763 ,276768409 ,252052728 ,195556080 ,3921154973 ,3921154973 ,674724910 ,0 ,15603076318 ,14932646145 ,343140000 ,0 ,12992587296 ,12987587296 ,12000000000 ,5000000 ,0 ,6531643995 ,0 
22,open,choongbuk,108,20080909,123,nursing_hospital,2998495883 ,138568532 ,2485503499 ,1398272118 ,75589 ,372743761 ,361970741 ,0 ,1755680 ,1268057892 ,1208023892 ,602250084 ,60034000 ,21905275891 ,21689996998 ,215278893 ,0 ,15217907306 ,12362778576 ,11155299923 ,2855128730 ,2363789509 ,7955426477 ,0 
25,open,incheon,140,20080924,143,hospital,66977875101 ,0 ,65577844107 ,27833843744 ,225875258 ,2446763579 ,1324953766 ,0 ,820857327,11265292426 ,9778297467 ,8593225247 ,1486994959 ,54168775909 ,49417225654 ,1967043763 ,0 ,57951971241 ,34959588443 ,10953178838 ,22992382798 ,13600000000 ,7482097094 ,0 
26,open,ulsan,127,20160531,237,general_hospital,NA,NA,NA,NA,NA,NA,NA,NA,NA,NA,NA,NA,NA,NA,NA,NA,NA,NA,NA,NA,NA,NA,NA,NA
27,open,ulsan,127,19810622,526,general_hospital,124000000000 ,35743130029 ,91327949038 ,57788136980 ,1314452222 ,1570602979 ,896998857 ,137870752 ,3753817012,19014833155 ,18872481981 ,15862433 ,142351174 ,56557453510 ,45434143230 ,10085168680 ,0 ,74703721975 ,39373879374 ,10348327418 ,35329842601 ,13094314767 ,868564690 ,0 
33,open,seoul,3,19820329,181,general_hospital,15690699439 ,0 ,15690319472 ,8142441296 ,511215199 ,2474767666 ,319704982 ,0 ,1963172500,3712671845 ,3689155191 ,100333900 ,23516654 ,18108427179 ,16383766379 ,1666949800 ,0 ,18712566017 ,15422489774 ,8857822253 ,3290076243 ,0 ,3108533007 ,0 
34,open,incheon,138,20121231,243,general_hospital,38928596428 ,8449315118 ,28736229589 ,18880365145 ,237324276 ,1543529755 ,1042222917 ,39631614 ,397214628 ,22844745285 ,22361993468 ,4761274747 ,482751817 ,88445094022 ,85990066982 ,2422999400 ,0 ,52131881696 ,20477144584 ,8732077001 ,31654737112 ,26882166680 ,59157957611 ,922085940 
35,open,daejeon,49,20120103,291,nursing_hospital,6857075503 ,316104702 ,6011691943 ,2849657910 ,26235813 ,513877434 ,88591452 ,61504280 ,19867043,819400069 ,788366733 ,729715174 ,31033336 ,13166710760 ,13160549820 ,5000000 ,0 ,0 ,13160549820 ,8692294160 ,0 ,0 ,0 ,724226716 
36,open,seoul,77,19940622,195,general_hospital,22920991463 ,0 ,23161528038 ,10521716794 ,1619736486 ,1161622440 ,357708193 ,80621490 ,136955981 ,5808388270 ,5412264543 ,2150485227 ,396123727 ,16709736766 ,13949663315 ,2057226000 ,0 ,15436165283 ,13579003753 ,8642538015 ,1857161530 ,700000000 ,7081959753 ,5011010300 
37,open,daegu,44,20050926,167,hospital,17096005437 ,1148889637 ,15517999341 ,8231830104 ,22507591 ,474517882 ,472039090 ,0 ,22893832,2292087499 ,2225171415 ,72036 ,66916084 ,18698943512 ,15801073664 ,2897868848 ,0 ,16903461067 ,11346318961 ,8563500000 ,5557142106 ,555940000 ,4087569944 ,1008090000 
38,open,gyeonggi,96,20061013,346,general_hospital,67068990371 ,0 ,63496177471 ,29793955850 ,2592034969 ,5335543642 ,2841474870 ,324138415 ,505165812 ,19360618174 ,18244190311 ,183244162 ,1116427863 ,102000000000 ,96389173566 ,2114020000 ,0 ,86697249913 ,37895352593 ,8416499288 ,48801897320 ,41124897062 ,34804436455 ,10929718196 
39,open,seoul,119,19820421,48,hospital,9293955823 ,0 ,10980487018 ,5578216390 ,125260866 ,235115549 ,231104453 ,0 ,1796385878,1500644005 ,1358172426 ,0 ,142471579 ,8642146868 ,8475546868 ,0 ,0 ,7907162972 ,7260543588 ,6257142374 ,646619384 ,0 ,2235627901 ,6019553199 
42,open,daegu,43,20080128,252,hospital,13927661065 ,743799451 ,11624015409 ,7097650666 ,8217133 ,350522595 ,350522595 ,231296213 ,986244530 ,2615974636 ,2593840426 ,2515649444 ,22134210 ,21430590591 ,20987077212 ,462000 ,0 ,12098966480 ,10683568951 ,7729516293 ,1415397529 ,0 ,11947598747 ,0 
44,open,gyeongbuk,114,19961210,66,hospital,24074718560 ,6429351944 ,16603254922 ,11567304900 ,1508636487 ,2061558066 ,222096329 ,92501890 ,396688225 ,3683441982 ,3545415312 ,0 ,138026670 ,15044378768 ,14717396768 ,326982000 ,0 ,14812671115 ,11520604709 ,6825021917 ,3292066406 ,0 ,3915149635 ,0 
45,open,gyeongbuk,7,20040601,196,nursing_hospital,9096548420 ,0 ,8732286589 ,4287374108 ,33716293 ,286024540 ,268520208 ,18664150 ,93289434 ,1243335796 ,1146867994 ,0 ,82356623 ,9779431803 ,9635402159 ,32577000 ,0 ,10767212539 ,8132532886 ,6658527565 ,2634679653 ,1998560000 ,255555060 ,744444940
47,open,daegu,40,19971231,137,hospital,25388522198 ,5799018072 ,19474790132 ,12205737320 ,469549977 ,368301439 ,330071049 ,160871190 ,55091342 ,2332360925 ,2090377954 ,1254000 ,241982971 ,32782058193 ,32684163193 ,68895000 ,0 ,21839514233 ,12125402803 ,6408261456 ,9714111430 ,2596212250 ,13274904885 ,13752084380 
49,open,gyeongbuk,172,20030318,63,hospital,14802668835 ,1462372502 ,12946015815 ,8418942090 ,75897969 ,350360910 ,322501564 ,9915370 ,109902207 ,894536014 ,653358359 ,0 ,241177655 ,21451059510 ,21318451510 ,132608000 ,0 ,16639679773 ,8751511234 ,6106319856 ,7888168539 ,6064390000 ,5705915751 ,4179247927 
50,open,gangwon,128,20010821,149,hospital,58201450435 ,8002571377 ,48778584637 ,21839686580 ,418567384 ,383067082 ,296607165 ,578397450 ,877397273 ,6707079632 ,6015740971 ,14538250 ,691338661 ,36060444883 ,33911264854 ,793000000 ,0 ,32936293856 ,16022058091 ,6066075906 ,16914235765 ,5940000000 ,9831230659 ,26928 
51,open,seoul,23,20080225,406,nursing_hospital,16732825088 ,2568596158 ,12355081959 ,7040943933 ,40114330 ,375248502 ,343800103 ,299015472 ,1174997327 ,2852257400 ,2730376047 ,2531896852 ,121881353 ,37045300701 ,34814625429 ,0 ,0 ,31260502979 ,21212502979 ,5657072507 ,10000000000 ,8700000000 ,8637055122 ,0 
52,open,gyeonggi,96,20010202,0,traditional_clinic,13207438120 ,2301603808 ,10269216425 ,5671130470 ,15051797 ,314375353 ,172718176 ,68212895 ,269081436 ,2042506734 ,1914822836 ,0 ,127683898 ,8963332085 ,8097412639 ,61340600 ,0 ,6926195411 ,6901195411 ,5631111110 ,25000000 ,0 ,4079643408 ,0 
53,open,gyeonggi,97,20080930,78,nursing_hospital,6859738630 ,471712908 ,6693224258 ,3662477466 ,184397552 ,158090415 ,157639434 ,0 ,278891399,1028775130 ,943187548 ,20758790 ,85587582 ,10034376460 ,9530157739 ,346880000 ,0 ,8458883643 ,7244379105 ,5332648695 ,1214504538 ,0 ,2604267947 ,0 
55,open,incheon,141,19930708,232,general_hospital,NA,NA,NA,NA,NA,NA,NA,NA,NA,NA,NA,NA,NA,NA,NA,NA,NA,NA,NA,NA,NA,NA,NA,NA
56,open,jeonnam,33,20040730,584,nursing_hospital,21793838320 ,904780292 ,18951985137 ,12781902660 ,610626714 ,1202445218 ,169551969 ,371350880 ,973903507 ,17696396607 ,17606214680 ,0 ,90181927 ,20178273850 ,19972987375 ,99300620 ,0 ,12276250672 ,6924378849 ,5000000000 ,5351871823 ,0 ,25598419785 ,0 
57,open,jeonnam,38,20080923,101,nursing_hospital,8809012224 ,0 ,8387238471 ,3412376547 ,24733405 ,306102348 ,274342243 ,11757920 ,128646890 ,983586111 ,812509700 ,240175801 ,171076411 ,15852064318 ,15622064318 ,230000000 ,0 ,8252415016 ,6167030552 ,4732030670 ,2085384464 ,2085384464 ,8583235413 ,0 
58,close,gyeonggi,168,20130206,132,nursing_hospital,2681765580 ,180200922 ,2014579640 ,936645110 ,59924069 ,428721218 ,284069476 ,0 ,118187869 ,0 ,0 ,0 ,0 ,0 ,0 ,0 ,0 ,0 ,0 ,0 ,0 ,0 ,0 ,0 
59,open,choongnam,94,20140318,258,nursing_hospital,8546126935 ,0 ,6737509250 ,3830658980 ,6467580 ,539890179 ,513787982 ,0 ,1275195086 ,2887867418 ,2550065516 ,1843823564 ,337801902 ,20854146408 ,20546016366 ,263862900 ,0 ,11737791374 ,5531070657 ,4665480000 ,6206720717 ,5856720717 ,12004222452 ,6505224190 
60,open,gyeonggi,74,20031202,53,hospital,9945697033 ,2518533380 ,7838979629 ,4001863380 ,58259710 ,204524605 ,176306594 ,0 ,558080871,2308999637 ,2148142259 ,970975608 ,160857378 ,6430171867 ,6356611667 ,2060000 ,0 ,7054460794 ,6031625979 ,4664011450 ,1022834815 ,0 ,1684710710 ,0 
61,open,gyeonggi,24,20080402,164,hospital,6480419010 ,0 ,7611627015 ,4383683589 ,5905707 ,163905774 ,163868524 ,0 ,1289208072,1759257575 ,1759257575 ,0 ,0 ,7267490563 ,6917490563 ,350000000 ,0 ,6979032891 ,5699212493 ,4614380000 ,1279820398 ,0 ,2047715247 ,0 
62,open,gyeonggi,120,20050224,0,clinic,151000000000 ,98503322990 ,49547764666 ,3726935398 ,1407328026 ,2640421560 ,55331120 ,305400448 ,992483835 ,42808356695 ,41791456468 ,70588560 ,1016900227 ,26198928184 ,17262009402 ,5488177269 ,0 ,39545947657 ,29850842393 ,4600000000 ,9695105264 ,0 ,29461337222 ,43194221 
63,open,gyeongnam,5,20130409,206,general_hospital,20425771788 ,4133216227 ,14902797655 ,10796721206 ,263511030 ,1041124875 ,691712214 ,189294110 ,422849951 ,5021154737 ,4648822830 ,0 ,372331907 ,35966517012 ,34950096428 ,877111000 ,0 ,24367583508 ,9299760234 ,4579304677 ,15067823274 ,9630291360 ,16620088241 ,0 
65,open,gyeonggi,177,20110512,126,hospital,27912697687 ,2442931060 ,17957418899 ,7511234837 ,2224248 ,4010569368 ,67068540 ,794522148 ,2709480460 ,20282084651 ,20227834651 ,2823876231 ,54250000 ,28041839650 ,24488939650 ,3348500000 ,0 ,25693380103 ,14089898386 ,4531865427 ,11603481717 ,2833260000 ,22630544198 ,0 
67,open,gyeongnam,32,20081231,203,nursing_hospital,6898958895 ,367242573 ,6562792750 ,4054406320 ,19204746 ,178026082 ,164109704 ,0 ,189897764,3876992511 ,3856190100 ,519640803 ,20802411 ,10183155603 ,10157084802 ,20000000 ,0 ,11687971008 ,7717382706 ,4466074805 ,3970588302 ,3280000000 ,2372177106 ,0 
69,open,jeonbuk,146,20130405,244,nursing_hospital,7821761860 ,570611458 ,6535756355 ,4255071060 ,25358210 ,150306551 ,123776039 ,110617930 ,479827776 ,1937646633 ,1904418104 ,1162642246 ,33228529 ,10066923187 ,9705726687 ,361196500 ,0 ,5658750123 ,4569965408 ,4250000000 ,1088784715 ,0 ,6345819697 ,0 
70,open,gyeonggi,169,20030227,139,hospital,9864586051 ,1812608644 ,7638166747 ,4291169759 ,26998793 ,231404814 ,224230817 ,0 ,209404639 ,1628712781 ,1517296889 ,1123786007 ,111415892 ,9157833654 ,8876719660 ,109963000 ,0 ,9663114002 ,7791046199 ,4213450218 ,1872067803 ,1872067803 ,1123432433 ,0 
71,open,jeonnam,106,19880408,196,general_hospital,26649630072 ,6252852956 ,20306453789 ,11666631108 ,399644546 ,303852417 ,251559018 ,107505958 ,78609498 ,4517239853 ,4167397009 ,729383833 ,341249150 ,16468265301 ,16313545641 ,0 ,0 ,12335548150 ,7380578150 ,4164731812 ,4954970000 ,4803970000 ,8649957004 ,0 
72,open,daegu,41,20070903,277,nursing_hospital,5662108342 ,504715781 ,4888397798 ,3248961978 ,48982266 ,127371257 ,127358463 ,17622700 ,172983072 ,1517867972 ,1492894239 ,661883804 ,24973733 ,8637470906 ,8256788765 ,183950000 ,0 ,5065088399 ,5065088399 ,4104923980 ,0 ,0 ,5090250479 ,1237935879 
73,open,daegu,44,20060818,166,hospital,12672510066 ,1319791505 ,11298752426 ,6514154575 ,0 ,16039299 ,0 ,0 ,37926836 ,0 ,0 ,0 ,0 ,0 ,0 ,0 ,0 ,0 ,0 ,0 ,0 ,0 ,0 ,0 
74,open,seoul,1,19940425,28,traditional_hospital,8872426915 ,964124895 ,7638919868 ,4488957824 ,19153521 ,216088892 ,204479315 ,72446781 ,0 ,1302114675 ,1186742960 ,2671059 ,97648359 ,8347311458 ,8178953358 ,2200500 ,0 ,6749131935 ,5759131935 ,4000000000 ,990000000 ,990000000 ,2900294198 ,0 
75,open,gyeongbuk,30,19980529,249,general_hospital,40485538992 ,0 ,38155097034 ,19365828922 ,2708324415 ,4972290235 ,331974734 ,24702819 ,41773319 ,7146109670 ,6312031337 ,4738034539 ,834078333 ,31591780617 ,29580149787 ,1620463850 ,0 ,31743390761 ,13879186020 ,4000000000 ,17864204741 ,4816590787 ,6994499526 ,4605417526 
77,open,gyeongbuk,84,20070813,199,nursing_hospital,8520319018 ,489603680 ,7518263612 ,4598249389 ,20648206 ,409327374 ,177681043 ,0 ,123772558 ,837642749 ,799803379 ,749930732 ,37839370 ,7361808382 ,7244449230 ,81497820 ,0 ,6438049294 ,5183049294 ,3991000660 ,1260000000 ,205000000 ,1761401837 ,665969467 
81,open,seoul,87,19980605,57,hospital,14717584270 ,0 ,13908695044 ,7926864654 ,49816088 ,764745600 ,720643772 ,24921279 ,69038435 ,3554141428 ,3343728987 ,166530 ,210412441 ,30433299811 ,29958304591 ,164383540 ,0 ,23326685163 ,8579119711 ,3849453470 ,14747565452 ,14536911032 ,10660756076 ,437898144
82,open,gyeongnam,32,20091231,148,nursing_hospital,3957464500 ,156035904 ,3360237640 ,2273718273 ,0 ,0 ,169068842 ,0 ,441190956 ,1404529812 ,1401889812 ,1361721970 ,2640000 ,6787707000 ,6752177000 ,35530000 ,0 ,5415331190 ,5415331190 ,3815750000 ,0 ,0 ,2776905622 ,0 
83,open,jeonnam,56,20000929,114,hospital,15060003766 ,0 ,15074264045 ,8253147137 ,270096627 ,203222162 ,199592678 ,3654150 ,48960036 ,2086486219 ,1807214804 ,1538642198 ,279271415 ,12230093732 ,12217443732 ,12650000 ,0 ,7879246664 ,6826395749 ,3790000000 ,1052850915 ,618359290 ,6437333287 ,0 
84,open,gyeonggi,88,20080702,214,nursing_hospital,11244193296 ,0 ,11208509517 ,5154797587 ,11631594 ,323712539 ,323712539 ,0 ,276397166,3977699376 ,3903311705 ,2249237370 ,74387671 ,19793004043 ,19763004043 ,30000000 ,0 ,13071062162 ,9092238986 ,3750000000 ,3978823176 ,2984710000 ,10699641257 ,1832358743
87,open,gyeonggi,120,20130314,327,nursing_hospital,NA,NA,NA,NA,NA,NA,NA,NA,NA,NA,NA,NA,NA,NA,NA,NA,NA,NA,NA,NA,NA,NA,NA,NA
89,open,gyeongbuk,114,20070907,178,nursing_hospital,4191769346 ,136016332 ,3857345612 ,1834455208 ,846230 ,739267544 ,182699934 ,0 ,540013912,1013757844 ,991673174 ,12610000 ,15967710 ,8723965989 ,8402711508 ,165000000 ,0 ,8803424995 ,3803424995 ,3431174794 ,5000000000 ,4700000000 ,934298838 ,0 
91,open,daegu,40,20080201,181,hospital,12567340850 ,1240875020 ,10386665883 ,4830903110 ,53903404 ,178144816 ,146768216 ,151376981 ,664181554 ,2154333443 ,2124356127 ,1339153640 ,29977316 ,9180002212 ,8435943552 ,474058660 ,0 ,5363246293 ,4718029943 ,3396783530 ,645216350 ,420000000 ,5971089362 ,2791112674 
92,open,busan,71,20170607,44,nursing_hospital,10332879273 ,4075620142 ,6000945161 ,3096380690 ,71250013 ,282249363 ,282249363 ,0 ,45314620 ,3099111191 ,3011335378 ,107685180 ,87775813 ,8631662392 ,6584465333 ,1624413700 ,0 ,9415585411 ,5156554423 ,3146525443 ,4259030988 ,4259030988 ,2315188172 ,450242092 
93,open,busan,64,19930807,0,nursing_hospital,9351426263 ,723786841 ,8059646319 ,4910779768 ,62323554 ,467693492 ,467191632 ,0 ,162623165 ,1961000465 ,1926763807 ,1692425170 ,34236658 ,14757453626 ,14600170271 ,26389900 ,0 ,12048841912 ,5248841912 ,3126127540 ,6800000000 ,6800000000 ,4669612179 ,0 
94,open,gangwon,128,20031201,244,nursing_hospital,NA,NA,NA,NA,NA,NA,NA,NA,NA,NA,NA,NA,NA,NA,NA,NA,NA,NA,NA,NA,NA,NA,NA,NA
95,open,gyeonggi,133,19831111,92,hospital,26700482717 ,0 ,26416691358 ,13556961110 ,220478473 ,219045847 ,112061304 ,87606027 ,197617958 ,3878035155 ,3577496317 ,33066 ,300538838 ,18418911014 ,18062684554 ,0 ,0 ,15418002426 ,6360100193 ,3000000000 ,9057902233 ,0 ,6878943743 ,0 
96,open,busan,64,20170602,128,nursing_hospital,523640550 ,23067726 ,835577490 ,564463637 ,7534205 ,52630597 ,52630597 ,0 ,380101058,607366165 ,595391402 ,1015000 ,11974763 ,3629703850 ,3629703850 ,0 ,0 ,3513950273 ,3342068583 ,2918153230 ,171881690 ,171881690 ,723119742 ,723119742 
97,open,incheon,141,20100402,50,hospital,2089793782 ,81928186 ,2303371410 ,1390205928 ,8299316 ,293352238 ,186562547 ,0 ,580558736,1484001044 ,1473800649 ,784174565 ,10200395 ,4812822788 ,4408411872 ,357370000 ,0 ,3647547073 ,3307047073 ,2915000001 ,340500000 ,235500000 ,2649276759 ,0 
98,open,ulsan,123,20140717,172,nursing_hospital,5338937478 ,1498712671 ,3296498121 ,1695917464 ,7942060 ,122534759 ,105166560 ,35099630 ,394034357 ,1287015412 ,1277169133 ,625719777 ,9846279 ,5599396982 ,5549396982 ,50000000 ,0 ,4469770631 ,3811091234 ,2910000000 ,658679397 ,0 ,2416641763 ,0 
99,open,seoul,83,19880115,63,hospital,10281606016 ,2270407008 ,8751409643 ,4798388897 ,330538133 ,129910642 ,88722194 ,0 ,539583144,6632275493 ,6601634625 ,1421173019 ,30640868 ,12148852090 ,10411926114 ,1072095460 ,0 ,5929452964 ,4877551408 ,2890000000 ,1051901556 ,0 ,12851674619 ,0 
100,open,daegu,40,19990701,80,hospital,4525975868 ,308186399 ,4468341830 ,2189473430 ,375868942 ,99977874 ,56733323 ,17422060 ,7916647 ,453610063 ,436188645 ,246233890 ,17421418 ,9829403534 ,8998862223 ,9208000 ,0 ,7047394204 ,3215745735 ,2858180271 ,3831648469 ,2000000000 ,3235619393 ,1971151763 
101,open,choongnam,37,19820504,341,general_hospital,52626386641 ,19326736791 ,32214235859 ,20975361934 ,460491652 ,1344136667 ,674455772 ,140061506 ,61707470 ,5291376056 ,4981494400 ,123296146 ,309881656 ,18393326086 ,18236396086 ,156930000 ,0 ,17279339510 ,9252158138 ,2840000000 ,8027181372 ,6393198470 ,6405362632 ,3640579089 
104,open,gyeonggi,80,20120518,0,clinic,2600028478 ,214725510 ,2483782477 ,1095680958 ,2805112 ,82605287 ,80922413 ,4380801 ,182660485,458798457 ,456218457 ,173719627 ,2580000 ,5558842539 ,5170827369 ,111538580 ,0 ,4331665718 ,3945956569 ,2620000000 ,385709149 ,0 ,1685975278 ,76602878 
105,open,gyeongnam,75,19850525,43,hospital,11981170391 ,2118265469 ,9972941734 ,7180585290 ,7021881 ,620999659 ,501785283 ,0 ,724014590,2662810730 ,2629393152 ,0 ,33417578 ,15348905147 ,14809308430 ,0 ,0 ,15730836450 ,5090592412 ,2597800071 ,10640244038 ,9380244038 ,2280879427 ,0 
106,open,jeonbuk,26,20030710,182,nursing_hospital,4131857876 ,143611800 ,3529097014 ,2198043355 ,56630198 ,228194537 ,113598011 ,22221340 ,265363383 ,1970952253 ,1963786853 ,0 ,7165400 ,3553690709 ,2749986147 ,527179060 ,0 ,2803885092 ,2793826477 ,2590000000 ,10058615 ,0 ,2720757870 ,0 
107,close,jeonbuk,26,19990805,NA,traditional_hospital,4131857876 ,143611800 ,3529097014 ,2198043355 ,56630198 ,228194537 ,113598011 ,22221340 ,265363383 ,1970952253 ,1963786853 ,0 ,7165400 ,3553690709 ,2749986147 ,527179060 ,0 ,2803885092 ,2793826477 ,2590000000 ,10058615 ,0 ,2720757870 ,0 
108,open,jeonbuk,26,20141223,150,nursing_hospital,2779983400 ,99198923 ,2492878526 ,1753765469 ,21915577 ,16503332 ,1041483 ,0 ,193318196 ,356233719 ,337601968 ,277795141 ,18631751 ,2047082065 ,2047082065 ,0 ,0 ,854711207 ,834233939 ,100000000 ,20477268 ,20477268 ,1548604577 ,1548604577 
109,open,seoul,79,20120501,0,dental_clinic,15472543033 ,9405840570 ,5046172942 ,2268689456 ,42491802 ,403788486 ,398976016 ,425828 ,658807009 ,5788889613 ,5605380360 ,3977685248 ,183509253 ,13438186014 ,12751732448 ,464715970 ,0 ,12805430556 ,5953852404 ,2550000000 ,6851578152 ,6851578152 ,6421645071 ,0 
110,open,gyeonggi,121,20161212,44,nursing_hospital,1327195400 ,166222201 ,1508852866 ,922694934 ,1423463 ,79881208 ,78679546 ,0 ,426337412,219419348 ,155957598 ,118702089 ,63461750 ,5323411259 ,5304170259 ,19241000 ,0 ,2993869156 ,2993869156 ,2480000000 ,0 ,0 ,2548961451 ,544038549
112,open,daejeon,49,20070807,132,nursing_hospital,15070077600 ,0 ,10026744651 ,8254975729 ,217378678 ,1573829241 ,222787238 ,163215150 ,3523667236 ,3471877338 ,3403546818 ,1712145390 ,68330520 ,27559226350 ,27485444816 ,0 ,0 ,15555678536 ,3904864429 ,2434421224 ,11650814107 ,5636250000 ,15475425152 ,3563084070 
113,open,gyeonggi,98,20010731,55,hospital,7159764865 ,832825694 ,6627242639 ,3395363456 ,61155355 ,160888732 ,125918455 ,0 ,400036845,1195640375 ,1151504910 ,779656103 ,44135465 ,3980481498 ,3219379298 ,761102200 ,0 ,3974333153 ,3974333153 ,2426320000 ,0 ,0 ,1201788720 ,0 
115,open,incheon,139,20160905,162,nursing_hospital,0 ,265274943 ,3842204420 ,2421379210 ,5907393 ,571739774 ,568306683 ,0 ,4673311744,0 ,0 ,0 ,0 ,0 ,0 ,0 ,0 ,0 ,0 ,0 ,0 ,0 ,0 ,0 
116,open,gyeongnam,101,19960513,243,general_hospital,24790401182 ,5253050023 ,20489861383 ,13945216575 ,657929005 ,171427187 ,109311923 ,0 ,466008406,4857281921 ,4668454383 ,73851592 ,188827538 ,13740224185 ,13334145359 ,0 ,0 ,11766846773 ,10297013472 ,2400000000 ,1469833301 ,150000000 ,6830659333 ,3505169993 
118,open,gyeongbuk,114,20080530,163,hospital,5584965180 ,212104749 ,5455168717 ,3135278630 ,58981497 ,145958141 ,110144833 ,0 ,169284930,1972583861 ,1949123439 ,0 ,23460422 ,2654685142 ,2451661725 ,47000000 ,0 ,3531760444 ,2941760444 ,2301543647 ,590000000 ,590000000 ,1095508559 ,0 
119,open,gyeonggi,97,20061206,30,nursing_hospital,6017543490 ,199965460 ,5519678118 ,3215997040 ,74068997 ,58518818 ,29253542 ,48853470 ,264596621 ,2860018082 ,2850313557 ,811037296 ,9704525 ,6621404275 ,6453724275 ,167680000 ,0 ,4141693250 ,2563562206 ,2290219715 ,1578131044 ,0 ,5339729107 ,1829240804 
120,open,gangwon,112,20110718,66,hospital,2873145560 ,244796391 ,2189079494 ,1208682720 ,52266015 ,105878659 ,99452659 ,58497930 ,327159101 ,2186703392 ,2170423489 ,677270215 ,16279903 ,4041589614 ,4006259614 ,35330000 ,0 ,2541673060 ,2318343060 ,2252718950 ,223330000 ,73330000 ,3686619946 ,650795846 
125,open,jeonbuk,29,20080313,443,nursing_hospital,9727881621 ,473434297 ,9182411869 ,5840380131 ,209606365 ,71458711 ,66733222 ,212351388 ,2168279,4165669934 ,4091845309 ,0 ,73824625 ,12492523556 ,12386064178 ,101450000 ,0 ,9760714932 ,3067026025 ,2178691868 ,6693688907 ,4000000000 ,6897478558 ,3028763583 
127,open,gyeongbuk,54,20060417,87,hospital,6468678065 ,4520545589 ,1933533374 ,515932760 ,146463658 ,152276743 ,141753364 ,2451390 ,6334627 ,1335211164 ,1245165202 ,83630 ,90045962 ,5223117354 ,5071816661 ,102654000 ,0 ,4929773900 ,2929773900 ,2163677626 ,2000000000 ,2000000000 ,1628554618 ,130184688 
128,open,daejeon,47,20021119,197,nursing_hospital,4420913028 ,105623633 ,3848483874 ,2026642320 ,49969590 ,75454097 ,72654097 ,44756120 ,396564894 ,2835288459 ,2832106922 ,988025310 ,3181537 ,2676634580 ,2434302752 ,20158400 ,0 ,2252128208 ,2252128208 ,2139742158 ,0 ,0 ,3259794831 ,0 
129,open,ulsan,126,20040212,54,hospital,4513667860 ,355488516 ,3652253939 ,2205043025 ,14385234 ,109491484 ,106730634 ,0 ,410819155 ,1018987392 ,982736072 ,0 ,36251320 ,1686221377 ,1634221377 ,52000000 ,0 ,2348021544 ,2320868591 ,2137387717 ,27152953 ,0 ,357187225 ,0 
132,open,daegu,45,20060310,110,nursing_hospital,4069134051 ,169258723 ,3693896979 ,2163616503 ,27824177 ,54801070 ,52601070 ,18137747 ,160863709 ,2047184021 ,2030600021 ,606836120 ,16584000 ,5869344722 ,5713886520 ,46214306 ,0 ,2391937264 ,2174661554 ,2059224407 ,217275710 ,0 ,5524591479 ,0 
134,open,choongnam,78,19880603,64,hospital,4402779495 ,719458530 ,4131517858 ,2436024468 ,421766030 ,402413737 ,337684720 ,3691536 ,432536136,1721583843 ,1633399873 ,603445494 ,88183970 ,6818070056 ,6769058056 ,18200000 ,0 ,6433266635 ,4233266635 ,2007824357 ,2200000000 ,0 ,2106387264 ,0 
135,open,gangwon,164,19970418,172,hospital,18602588959 ,1378328519 ,16696997338 ,8523267168 ,17986332 ,278064409 ,188321117 ,16527773 ,250657252 ,4129848379 ,3960591865 ,0 ,169256514 ,5781986034 ,2678973434 ,3103012600 ,0 ,6366711463 ,3516711463 ,1986384255 ,2850000000 ,2850000000 ,3545122950 ,0 
136,open,gyeongnam,157,20090113,123,hospital,5922176260 ,762561904 ,5051605358 ,2985940278 ,17358432 ,159215313 ,159015213 ,0 ,33847883,664604194 ,634665288 ,498266469 ,22654832 ,7606982891 ,7596107891 ,10875000 ,0 ,7337092616 ,2425412616 ,1980000000 ,4911680000 ,4911680000 ,934494469 ,0 
137,open,busan,65,20130722,139,nursing_hospital,3912308309 ,0 ,3724445009 ,2159346219 ,9022072 ,185585780 ,149867274 ,123210 ,11176382 ,1471783177 ,1453863267 ,1443258772 ,17919910 ,8518971504 ,8513671504 ,5300000 ,0 ,5486341145 ,3786341145 ,1968923110 ,1700000000 ,1700000000 ,4504413536 ,0 
138,open,busan,70,20110526,52,nursing_hospital,4514215440 ,0 ,4036410518 ,2154045230 ,29509819 ,400042611 ,62144223 ,13738530 ,93533600 ,1917868196 ,1917868196 ,1138467706 ,0 ,3795393423 ,3375544415 ,418675000 ,0 ,2328117738 ,2328117738 ,1932381274 ,0 ,0 ,3385143881 ,0 
139,open,busan,66,20070125,159,nursing_hospital,4510755010 ,176041710 ,3833858032 ,2393067500 ,46397182 ,439303365 ,55308705 ,31793780 ,76155305 ,509781961 ,494548033 ,324429480 ,15233928 ,6825751273 ,5484709623 ,206960000 ,0 ,3552619390 ,2158733226 ,1796019486 ,1393886164 ,0 ,3782913844 ,1843579110 
140,close,gyeongbuk,114,20070420,203,hospital,5423356760 ,0 ,5212041365 ,2958249630 ,23843435 ,128888619 ,128638631 ,11620200 ,94650011 ,2851342587 ,2734710577 ,1085357366 ,116632010 ,5453158237 ,5438850237 ,0 ,0 ,4457666685 ,1864666685 ,1750000000 ,2590000000 ,2590000000 ,3846834139 ,0 
141,open,daejeon,50,20070528,82,hospital,5018611488 ,1335988277 ,3368630616 ,2298262081 ,0 ,0 ,0 ,0 ,313992595 ,2303746422 ,2201712042 ,309019196 ,102034380 ,2669820503 ,2455169124 ,0 ,0 ,2792441124 ,2792441124 ,1739424826 ,0 ,0 ,2181125801 ,0 
143,open,busan,71,20150102,163,nursing_hospital,6310992576 ,550507949 ,5477511358 ,3556977133 ,4810272 ,257312789 ,251312789 ,0 ,30470752 ,1230211709 ,1033601119 ,847459961 ,196610590 ,12212749915 ,12154992794 ,50010921 ,0 ,7495778716 ,2799552261 ,1700923037 ,4696226455 ,4400000000 ,5947182908 ,0 
144,open,daejeon,48,20061107,151,nursing_hospital,4864303400 ,210410492 ,4351809420 ,2026782710 ,69291950 ,69713374 ,69112374 ,57444700 ,244217364 ,4347935440 ,4333035623 ,402771070 ,14899817 ,2302618910 ,2102793572 ,199825338 ,0 ,4061217029 ,2200383695 ,1687416881 ,1860833334 ,990000000 ,2589337321 ,0 
145,open,gyeongnam,32,20080804,172,hospital,15806789758 ,1884745792 ,13380477996 ,6363400069 ,67783672 ,535667631 ,251712340 ,0 ,73682011 ,3211316609 ,2942550720 ,1753750509 ,174371656 ,14670638489 ,14197103423 ,2000000 ,0 ,13152880675 ,4211829928 ,1683333334 ,8941050747 ,7000000000 ,4729074423 ,0 
147,open,gyeonggi,96,20101118,79,nursing_hospital,4876152720 ,845017989 ,3594048070 ,1541308057 ,84157346 ,216277784 ,176166864 ,0 ,304966223 ,1545362015 ,1501232265 ,634865120 ,44129750 ,5993144115 ,4471767853 ,1321376262 ,0 ,3112913269 ,1976137436 ,1672665000 ,1136775833 ,1136775833 ,4425592861 ,0 
148,open,busan,64,20060901,205,nursing_hospital,22074444856 ,2299286322 ,18699221543 ,13280151683 ,174577053 ,1080923960 ,1050738614 ,0 ,169590084 ,3719642702 ,3690402659 ,18600000 ,29240043 ,45738313687 ,45307390187 ,308021000 ,0 ,29593624063 ,11649657848 ,1650000000 ,17943966215 ,16404780678 ,19864332326 ,0 
149,open,gyeongbuk,172,20081209,105,nursing_hospital,2505862000 ,238781085 ,2227383031 ,1610142230 ,30664315 ,68643213 ,58393471 ,718210 ,1000776 ,778057419 ,773894419 ,0 ,4163000 ,3905719128 ,3817188918 ,82555000 ,0 ,3094612197 ,2533012197 ,1644743710 ,561600000 ,561600000 ,1589164350 ,0 
150,open,choongnam,94,20130826,186,nursing_hospital,5237992090 ,0 ,5060655115 ,2623322811 ,43303738 ,65834636 ,61730290 ,18939260 ,135866817 ,2510609429 ,2493819051 ,43775710 ,16790378 ,7937685054 ,7870685054 ,17000000 ,0 ,4079713996 ,3255314769 ,1643335007 ,824399227 ,0 ,6368580487 ,0 
152,open,gyeongnam,156,20070914,176,nursing_hospital,6571258948 ,430375858 ,5682418044 ,3510649384 ,4674245 ,628824533 ,214499355 ,6814740 ,172499982,1238752907 ,1209801580 ,620224474 ,25863183 ,7315148977 ,7248891128 ,37206000 ,0 ,8677466951 ,4239987533 ,1572628538 ,4437479418 ,4421411421 ,123565067,123780751
153,open,gyeongnam,32,20090915,139,nursing_hospital,3739538160 ,124560273 ,3472191830 ,2357002760 ,1183205 ,137378952 ,128899351 ,712536 ,5877774 ,2958333924 ,2941566054 ,2667982277 ,16767870 ,2658662606 ,2646662606 ,12000000 ,0 ,3811639430 ,1911639430 ,1554329160 ,1900000000 ,1900000000 ,1805357100 ,220922100 
154,open,jeonbuk,14,19880709,246,general_hospital,24937652826 ,2759434565 ,19365757034 ,11221603333 ,1148292387 ,3260238297 ,50174481 ,109027535 ,591487782 ,6666428466 ,6395390010 ,3175867013 ,271038456 ,19091145590 ,16554045040 ,143045000 ,0 ,16239697460 ,6366614044 ,1500000000 ,9873083416 ,192500000 ,9517876596 ,0 
155,open,gyeonggi,31,20050729,112,nursing_hospital,3727356228 ,609057643 ,3087298594 ,1903763407 ,7255354 ,22908869 ,22685659 ,886801 ,14459675 ,493153108 ,427804676 ,0 ,65348432 ,2177525614 ,2176872114 ,0 ,0 ,2670678722 ,1762973543 ,1466846904 ,907705179 ,0 ,0 ,0 
156,open,gyeongbuk,58,19880229,79,hospital,10395309068 ,7651858166 ,2277098293 ,0 ,149939564 ,522247900 ,72572683 ,17253838 ,76790435 ,1462809109 ,1411710944 ,1276918833 ,51098165 ,3705892669 ,3487931404 ,19071600 ,0 ,3981817497 ,2855187497 ,1441580587 ,1126630000 ,626630000 ,1186884281 ,0 
159,open,gyeongbuk,113,20120614,371,nursing_hospital,22182833325 ,0 ,21149339373 ,11431230585 ,159408324 ,789142893 ,434378222 ,44353960 ,359405423 ,3379067297 ,3273840865 ,2932880403 ,105226432 ,20875402338 ,20671582338 ,203820000 ,0 ,14191230683 ,11517916228 ,1400000000 ,2673314455 ,825000000 ,10063238952 ,5794042630 
160,open,gyeongnam,156,20080102,184,nursing_hospital,4820682660 ,273492440 ,4340858096 ,2684587544 ,23999783 ,166975228 ,159602262 ,0 ,63356679 ,1165242567 ,1141298140 ,0 ,23944427 ,7185170208 ,7165341613 ,0 ,0 ,5375173294 ,2015173294 ,1398548025 ,3360000000 ,3360000000 ,2975239481 ,0 
162,open,gyeongbuk,25,20090220,118,hospital,3181412670 ,523082496 ,3177860862 ,1626052720 ,157182796 ,179484467 ,121356136 ,0 ,541832359,2144308762 ,2078164257 ,38002190 ,0 ,7238835416 ,7232909416 ,0 ,0 ,7089935634 ,2125394457 ,1391687482 ,4964541177 ,4250000000 ,2293208544 ,26167024 
163,open,gyeonggi,18,20121220,0,clinic,20970835394 ,11468904553 ,8325000838 ,4065724023 ,102803725 ,1130640294 ,352004568 ,81205325 ,67888109 ,8491667516 ,8117434690 ,4470385 ,374232826 ,4775362350 ,3345685508 ,1354400000 ,0 ,11529607985 ,6862113962 ,1340065172 ,4667494023 ,2328724433 ,1737421881 ,0 
164,close,jeonbuk,136,20050321,326,nursing_hospital,2179020670 ,312206615 ,1507567008 ,907395730 ,33436412 ,208281214 ,18920952 ,0 ,184402245 ,3535249679 ,3432644103 ,3132667033 ,102605576 ,16681779738 ,16651052086 ,0 ,0 ,12496838310 ,5800803717 ,1309874205 ,6696034593 ,4089146674 ,7720191107 ,7720191107 
166,open,gyeongnam,153,19930525,135,hospital,19820211573 ,0 ,19268822664 ,10170783350 ,677234658 ,852105378 ,71182616 ,88220540 ,288297649 ,7469546939 ,7247009994 ,9080400 ,222536945 ,6112290857 ,5670290577 ,0 ,0 ,7832408821 ,3702887024 ,1300000000 ,4129521797 ,1610000000 ,5749428975 ,0 
168,open,gyeongbuk,8,20061101,119,nursing_hospital,3032307576 ,0 ,2743241790 ,1850683610 ,1687838 ,240125262 ,53306929 ,0 ,50628362 ,1375235602 ,1375235602 ,976488969 ,0 ,1797718878 ,1776203444 ,10922100 ,0 ,2782354225 ,2782354225 ,1190000000 ,0 ,0 ,390600255 ,0 
169,open,jeonbuk,136,19980525,148,nursing_hospital,4585947110 ,0 ,4353536594 ,2717990950 ,9520 ,144772072 ,144763072 ,6354962 ,81293002 ,886164061 ,766087411 ,668817345 ,9142090 ,3339274919 ,3328434919 ,10840000 ,0 ,3120289942 ,1545289942 ,1170537499 ,1580000000 ,1580000000 ,1105149038 ,1215372032 
170,open,choongbuk,163,20040503,178,hospital,7635033185 ,1105648415 ,5025945933 ,2983431057 ,56882331 ,649871226 ,138719144 ,390707290 ,519742652 ,3749386943 ,3749386943 ,563299007 ,0 ,17071275951 ,17007615951 ,33000000 ,0 ,15761771313 ,4977715873 ,1170000000 ,10784055440 ,7909784318 ,5058891581 ,4133047781 
171,open,gyeonggi,27,20120627,110,nursing_hospital,3406805440 ,101664431 ,3270737840 ,1902775696 ,3731130 ,34452664 ,33447044 ,555943 ,3125692 ,1168077112 ,1031040291 ,379640537 ,137036821 ,2138047001 ,1380818932 ,615000000 ,0 ,1715081673 ,1674233326 ,1147413614 ,40848347 ,0 ,1591042440 ,0 
173,open,jeonbuk,147,19960201,174,nursing_hospital,4560950980 ,0 ,4476162141 ,2970504520 ,4320766 ,35049996 ,33765714 ,0 ,54059609 ,595869820 ,595869820 ,591287262 ,0 ,4017965247 ,3972170052 ,300000 ,0 ,3206506157 ,3206506157 ,1133738704 ,0 ,0 ,1407328910 ,0 
175,open,busan,59,19990127,64,traditional_hospital,9229935905 ,1109103580 ,7406350689 ,4253616743 ,25200082 ,264227281 ,158605623 ,89758880 ,385695557 ,1409192294 ,1336495794 ,880612042 ,72696500 ,7763557968 ,4966943617 ,2789370000 ,0 ,7384148726 ,3280446726 ,1099992882 ,4103702000 ,4103702000 ,1788601536 ,0 
176,open,choongnam,167,20140211,132,nursing_hospital,3636213460 ,0 ,3482038513 ,1501973920 ,14660591 ,86467211 ,79466829 ,13728780 ,68639547 ,2558458257 ,2484679631 ,0 ,73778626 ,2870205701 ,2578795301 ,291410400 ,0 ,2427467276 ,1327467276 ,1091589060 ,1100000000 ,1100000000 ,3001196682 ,0 
177,open,daejeon,47,19840218,0,clinic,1889868160 ,112831634 ,1694669688 ,1077318381 ,775718 ,88591335 ,44166097 ,0 ,5448779,156429738 ,136801297 ,0 ,19628441 ,2259644104 ,2259454904 ,189200 ,0 ,1579396583 ,1579396583 ,1078728901 ,0 ,0 ,836677259 ,0 
178,open,daejeon,47,19780124,69,traditional_hospital,1889868160 ,112831634 ,1694669688 ,1077318381 ,775718 ,88591335 ,44166097 ,0 ,5448779,156429738 ,136801297 ,0 ,19628441 ,2259644104 ,2259454904 ,189200 ,0 ,1579396583 ,1579396583 ,1078728901 ,0 ,0 ,836677259 ,0 
179,open,gangwon,2,20050704,27,hospital,6289384698 ,559995789 ,5639371892 ,3534244170 ,240526050 ,213741618 ,86556060 ,36785553 ,80015896 ,2426713126 ,2411774833 ,0 ,14938293 ,5174547326 ,4357100946 ,7500000 ,0 ,4155435091 ,1246455288 ,1058338645 ,2908979803 ,750000000 ,3445825361 ,0 
180,open,busan,65,20131118,247,nursing_hospital,8724315850 ,398405019 ,8130593828 ,4678699000 ,10016358 ,173648621 ,168267791 ,0 ,31684740 ,1412000458 ,1387917384 ,1206012041 ,24083074 ,8523803748 ,8511398994 ,0 ,0 ,8538970386 ,5505999307 ,1028816989 ,3032971079 ,450220000 ,1396833820 ,0 
182,open,gyeongnam,101,20110105,164,nursing_hospital,3158287120 ,0 ,2871188170 ,1724611632 ,42086155 ,96397714 ,33367364 ,13752849 ,219034542 ,806415124 ,806415124 ,375894504 ,0 ,2226761694 ,1948486577 ,78000000 ,0 ,1486343856 ,1284381057 ,1000000000 ,201962799 ,0 ,1546832962 ,0 
183,open,gyeongbuk,171,20071210,272,nursing_hospital,7773840222 ,0 ,7250000089 ,3535953490 ,9130131 ,145061638 ,93909038 ,62786300 ,325122326 ,1262179844 ,1242915553 ,5316000 ,19264291 ,9651415811 ,9326984694 ,259520000 ,0 ,3601113812 ,1637753812 ,1000000000 ,1963360000 ,1963360000 ,7312481843 ,0 
187,open,gyeonggi,96,20091009,445,nursing_hospital,16040269195 ,997606904 ,14328146183 ,8069417765 ,484055204 ,317440621 ,220749130 ,0 ,881130691 ,3089401900 ,3027247021 ,2832728154 ,62154879 ,12463310279 ,11653244003 ,356335670 ,0 ,9265153949 ,2948013092 ,855582275 ,6317140857 ,5428286689 ,6287558230 ,0 
189,open,jeonbuk,148,20100611,34,hospital,2415683553 ,120760393 ,2143235263 ,1218134771 ,3464672 ,38509826 ,33048338 ,0 ,116642743 ,719925338 ,718919338 ,504706150 ,1006000 ,1677205862 ,1555885862 ,121320000 ,0 ,1012611303 ,1012611303 ,815710733 ,0 ,0 ,1384519897 ,0 
190,open,choongnam,94,20080129,24,nursing_hospital,2707913302 ,114450149 ,2851076112 ,1632665669 ,86168978 ,132403149 ,124167516 ,59990 ,303907120,1935352281 ,1917960465 ,61972724 ,17391816 ,2368180138 ,2297780116 ,53900000 ,0 ,3456400747 ,1473553080 ,800628426 ,1982847667 ,1982847667 ,847131672 ,0 
191,open,gyeongnam,101,19890331,84,nursing_hospital,10647091981 ,967696076 ,9770809764 ,6455269020 ,207952862 ,348683260 ,249921361 ,54732450 ,286876707,3600187215 ,3501247824 ,1167730841 ,98939391 ,8126053860 ,6711192556 ,176054100 ,0 ,8178294826 ,1650788514 ,800000000 ,6527506312 ,5832918511 ,3547946249 ,0 
192,open,choongnam,28,20011221,0,traditional_clinic,5961811521 ,5770950605 ,0 ,0 ,55672361 ,104120176 ,0 ,0 ,142413101 ,988933060 ,958341634 ,512711425 ,30591426 ,2286591951 ,1921541951 ,365050000 ,0 ,2354158255 ,1202171111 ,799675027 ,1151987144 ,999345696 ,921366756 ,0 
194,open,busan,67,20110614,115,nursing_hospital,3603244610 ,97299642 ,3139340298 ,1934447480 ,60351052 ,212860465 ,212860463 ,592260 ,213502997 ,1227343466 ,1217018466 ,543144174 ,10325000 ,9092248465 ,8024758987 ,490500000 ,0 ,5255032448 ,1052152711 ,768340527 ,4202879737 ,4202879737 ,5064559483 ,0 
195,open,daegu,43,20070912,194,hospital,9310168399 ,1079122076 ,7674704874 ,4473314850 ,9104460 ,407921278 ,302674990 ,0 ,157524631 ,978100715 ,824891075 ,216851561 ,153206830 ,8981910686 ,8696915686 ,284995000 ,0 ,8182226013 ,3449793597 ,750000000 ,4732432416 ,4577432416 ,1777785388 ,0 
196,open,choongbuk,165,20091223,142,nursing_hospital,4631822341 ,175420450 ,4156456673 ,2431561969 ,22561949 ,258121528 ,254712172 ,0 ,64385639 ,1498535685 ,1476814458 ,0 ,21721227 ,29860000 ,0 ,0 ,0 ,8208113025 ,2941382578 ,743026885 ,5266730447 ,4881730447 ,6679717340,0 
197,open,daegu,43,19990811,33,hospital,5609271774 ,0 ,5364238546 ,3124633000 ,107551043 ,70852609 ,70852609 ,78658530 ,203073132 ,1283350179 ,1247869687 ,0 ,35480492 ,5569869787 ,4882944770 ,686925017 ,0 ,2373122234 ,1273122234 ,740773419 ,1100000000 ,0 ,4480097732 ,0 
200,open,busan,62,19831207,163,general_hospital,17078280044 ,13483999574 ,3740457560 ,0 ,619625591 ,427782338 ,392064064 ,0 ,45666163 ,2616439890 ,2473847991 ,0 ,142591899 ,16510214399 ,16157114449 ,0 ,0 ,15376480280 ,6265859637 ,650677694 ,9110620643 ,9029963823 ,3750174009 ,0 
202,open,jeonnam,110,19880618,139,hospital,9212685147 ,1532127295 ,7146826322 ,3647429120 ,29746681 ,270744162 ,216276897 ,0 ,292734049 ,5952626476 ,5719790010 ,5136717251 ,232836466 ,9304105187 ,8637023324 ,1462420 ,0 ,16256505507 ,12866505507 ,639420000 ,3390000000 ,2890000000 ,999773844,0 
203,open,daejeon,50,20061016,163,nursing_hospital,4960650700 ,378853347 ,4255827832 ,2460193400 ,53356921 ,236839636 ,99440356 ,23212200 ,119274606 ,1105781692 ,1099906152 ,0 ,5875540 ,4707572693 ,4541294454 ,1195000 ,0 ,3453501302 ,979476518 ,632555468 ,2474024784 ,1773020000 ,2359853083 ,1228047083 
204,open,gyeongbuk,132,20090701,29,clinic,2544681333 ,185403666 ,2162552738 ,1386496770 ,37865186 ,63956411 ,63351740 ,0 ,170633704 ,1423337612 ,1097122682 ,99215878 ,2893195 ,1970288849 ,1901292049 ,38139000 ,0 ,2093003638 ,1093003638 ,630000000 ,1000000000 ,1000000000 ,1300622823 ,179092584 
205,open,gyeongnam,32,20070822,80,nursing_hospital,1447423370 ,188587415 ,1158860847 ,860773090 ,24905355 ,32708225 ,27284675 ,9315580 ,82856658 ,748620856 ,744443740 ,229137320 ,4177116 ,1406985935 ,1323220767 ,2090000 ,0 ,1060627438 ,851052049 ,625000000 ,209575389 ,209575389 ,1094979353 ,237514353 
208,open,gyeongbuk,95,20031229,63,hospital,5423601276 ,610814095 ,4750905704 ,2489826510 ,32865748 ,0 ,113003550 ,0 ,94747225 ,2534004629 ,2521630529 ,4384920 ,12374100 ,3321908394 ,3316388394 ,5520000 ,0 ,4719856486 ,1978085844 ,551451415 ,2741770642 ,2707261937 ,1136056537 ,233564737 
209,close,busan,63,19991112,151,hospital,8845472370 ,0 ,7958490489 ,4417377237 ,1387529100 ,721898676 ,508846626 ,0 ,1552612305 ,2496923943 ,2486976465 ,1884654612 ,9947478 ,9857683648 ,9790784463 ,35000000 ,0 ,6655088393 ,2733883891 ,550000000 ,3921204502 ,3921204502 ,5699519198 ,0 
211,open,gyeongnam,174,20121022,62,hospital,6923501908 ,910927882 ,5347124884 ,2327088756 ,164850301 ,889853708 ,269203575 ,0 ,59554265,1624753493 ,1565268283 ,1062342033 ,59485210 ,9770013636 ,9348541430 ,62000000 ,0 ,7732424145 ,609822441 ,500000000 ,7122601704 ,6566494796 ,3662342984 ,0 
214,open,choongnam,73,20050513,18,nursing_hospital,2727724577 ,119530728 ,2427895541 ,1442333855 ,13319421 ,126640001 ,56761694 ,7367550 ,59610178 ,515878027 ,502621577 ,480504551 ,13256450 ,3452352168 ,3432352168 ,20000000 ,0 ,1777401255 ,656386436 ,478956295 ,1121014819 ,995000000 ,2190828940 ,182834440 
215,open,gyeongnam,131,20081024,84,hospital,2200563127 ,0 ,2892340566 ,1515453951 ,1081106539 ,663473305 ,62879559 ,443270 ,274587475,315969802 ,257859503 ,0 ,58110299 ,6729075072 ,6682029135 ,40042000 ,0 ,5420903760 ,1121230154 ,476740760 ,4299673606 ,4120000000 ,1624141114 ,183334272 
216,open,gyeongnam,75,20160128,192,nursing_hospital,5797472935 ,0 ,5054568500 ,2611141644 ,89908565 ,593037032 ,184635214 ,15579654 ,224196314 ,2038937929 ,1813059697 ,376041841 ,132791206 ,5593103769 ,5475503769 ,117600000 ,0 ,3433619699 ,947586292 ,460000000 ,2486033407 ,2486033407 ,4198421999 ,325640999 
217,open,jeonbuk,26,20131202,171,nursing_hospital,4725730450 ,303701697 ,4121940036 ,2432997390 ,19028897 ,171270517 ,109732873 ,8910060 ,138937037 ,1582284364 ,1506154249 ,1422268975 ,76130115 ,4998707916 ,4974651916 ,24056000 ,0 ,3547085439 ,877315366 ,456000000 ,2669770073 ,2504060000 ,3033906841 ,720633000 
218,open,gyeongbuk,8,20141028,168,nursing_hospital,4583728050 ,0 ,4283123967 ,2383593130 ,21013603 ,184727441 ,173869761 ,19484510 ,117405735 ,1166191369 ,1166191369 ,0 ,0 ,5821804520 ,5798749520 ,23055000 ,0 ,4195644288 ,941979660 ,455000000 ,3253664628 ,3242405068 ,2792351601 ,0 
226,open,gyeongbuk,166,19990127,18,nursing_hospital,3961063760 ,0 ,3666161252 ,2217064014 ,692310133 ,75268438 ,61767433 ,11105500 ,900838703 ,2197992142 ,2161740308 ,83720 ,27554858 ,4435078996 ,4129264976 ,39203000 ,0 ,2320962586 ,588149718 ,389890526 ,1732812868 ,1536560000 ,4312108552 ,0 
227,open,ulsan,125,20150701,113,nursing_hospital,2750405748 ,67785247 ,2679970934 ,1908687413 ,33172563 ,46838096 ,39330601 ,23760 ,11039726,410557265 ,390612408 ,271181283 ,18038659 ,2388729410 ,2283950289 ,100000000 ,0 ,1765105549 ,738969414 ,349764087 ,1026136135 ,890000000 ,1034181126 ,0 
230,open,choongbuk,150,20090902,120,nursing_hospital,5134000459 ,0 ,4283434103 ,2885928460 ,42996684 ,893563040 ,590734083 ,0 ,0 ,2728567927 ,2515657282 ,1711342256 ,166459321 ,6088826739 ,5972182739 ,31405000 ,0 ,6416069105 ,1222089162 ,325405779 ,5193979943 ,3119960000 ,2401325561 ,0 
231,open,daejeon,48,20080822,27,hospital,6549416545 ,570310920 ,4979715077 ,2070088454 ,669266439 ,948754222 ,223312362 ,99577010 ,620325755 ,5617900968 ,5592937238 ,694060470 ,24963730 ,6100798930 ,4545533641 ,530979400 ,0 ,7225233016 ,814203032 ,306652605 ,6411029984 ,3836234327 ,4493466882 ,423766409
232,open,gyeongbuk,8,20131026,185,nursing_hospital,4587011295 ,0 ,4245991101 ,2123763162 ,5107832 ,210109235 ,147310783 ,0 ,136018791 ,2486338194 ,2478451984 ,264400000 ,7886210 ,7187599135 ,7172747581 ,0 ,0 ,6374695832 ,1934695832 ,299898094 ,4440000000 ,3690000000 ,3299241497 ,2829942793 
233,open,choongbuk,22,20090918,143,hospital,14366893686 ,3443129530 ,10797646973 ,7106044070 ,590184571 ,159783451 ,109944841 ,126258177 ,430260126 ,4412846979 ,4347877413 ,1433657052 ,64969566 ,5104052744 ,4854483484 ,186972000 ,0 ,5465610892 ,3696809383 ,290167960 ,1768801509 ,1767999995 ,4051288831 ,0 
234,open,choongbuk,117,20080414,400,nursing_hospital,9234125840 ,323735280 ,8680182659 ,4674240015 ,240449255 ,266072883 ,259947996 ,29674450 ,174909823 ,0 ,0 ,0 ,0 ,0 ,0 ,0 ,0 ,0 ,0 ,0 ,0 ,0 ,0 ,0 
235,open,jeonbuk,26,20091126,172,hospital,6202942950 ,536370490 ,5203294207 ,3018631334 ,152000427 ,297916768 ,258105531 ,17720990 ,299640922 ,3274698751 ,3266745341 ,537563035 ,7953410 ,12973123136 ,12586246286 ,99772850 ,0 ,9804439346 ,1591578044 ,286595250 ,8212861302 ,6630000000 ,6443382541 ,0 
236,open,gyeonggi,121,20110823,280,nursing_hospital,25434636567 ,0 ,25811905591 ,11020559652 ,9144170639 ,8686379500 ,272287592 ,0 ,80522115 ,3075243272 ,3075243272 ,2477130 ,0 ,22453422638 ,21860032638 ,593390000 ,0 ,22368402274 ,2918922504 ,272475243 ,19449479770 ,373500000 ,3160263636 ,0 
237,open,ulsan,126,20160105,18,hospital,2146219377 ,478709230 ,1415869663 ,892605778 ,22115 ,409896 ,0 ,0 ,251252703 ,872608619 ,784036023 ,461544754 ,88572596 ,9678825088 ,9668788512 ,9943000 ,0 ,6957108183 ,1914508183 ,255806350 ,5042600000 ,5042600000 ,3594325524 ,0 
238,close,jeonnam,19,20150316,119,hospital,3581089010 ,510641637 ,2848303471 ,2082161911 ,5208306 ,220316149 ,109898956 ,1799484 ,5236575 ,553105306 ,495965338 ,199528494 ,51945110 ,8795376910 ,8776376910 ,19000000 ,0 ,5121516400 ,1692525546 ,229570425 ,3428990854 ,3330000000 ,4226965816 ,0 
240,open,jeonnam,16,20121119,120,nursing_hospital,2123785550 ,0 ,3439262908 ,1441701611 ,2431 ,91373760 ,90463980 ,0 ,1406848687,174568153 ,174568153 ,0 ,0 ,4769763420 ,4715163420 ,30000000 ,0 ,2514358503 ,214358503 ,214358503 ,2300000000 ,2300000000 ,2429973070 ,0 
242,open,gyeongnam,153,20021025,277,nursing_hospital,7067498299 ,0 ,7513245635 ,4501292303 ,604763153 ,156814533 ,138262733 ,0 ,2201284 ,2366079425 ,2334125879 ,689766384 ,31953546 ,7615802612 ,7608344612 ,7458000 ,0 ,5516849077 ,890281432 ,200000000 ,4626567645 ,4530250000 ,4465032960 ,1303573960 
244,open,choongbuk,22,20060414,46,hospital,3182228440 ,516756711 ,2550482701 ,1701717993 ,14420344 ,55971373 ,52151874 ,9771844 ,63666155 ,1577384213 ,1465503675 ,737560794 ,95323650 ,2207894636 ,2093918636 ,113975000 ,0 ,1953076690 ,883276690 ,196156122 ,1069800000 ,1069800000 ,1832202159 ,0 
245,open,gyeongbuk,8,20120808,21,hospital,1509898680 ,373997340 ,1168301867 ,691646339 ,42017409 ,21892426 ,21125689 ,0 ,12275544,1261112742 ,1261112742 ,73640000 ,0 ,716870351 ,714870351 ,2000000 ,0 ,753187615 ,397315060 ,176150000 ,355872555 ,350000000 ,1224795478 ,0 
247,open,choongbuk,165,20080611,156,nursing_hospital,4433250370 ,123429531 ,4241425025 ,3050253779 ,32726673 ,285840193 ,10258573 ,12216040 ,196933746,652932712 ,639575517 ,533639960 ,13357195 ,5059122507 ,5032321673 ,17330000 ,0 ,4464271706 ,593529333 ,160885686 ,3870742373 ,3767739506 ,1247783513 ,608810000 
249,open,incheon,137,20091014,24,hospital,3839628640 ,154633402 ,3596885097 ,2326126850 ,166531000 ,178168955 ,49024085 ,0 ,76472186 ,571230731 ,560631766 ,361690890 ,10598965 ,2032722169 ,2020222169 ,12500000 ,0 ,1448045017 ,1448045017 ,150892400 ,0 ,0 ,1155907883 ,362886357 
250,open,seoul,129,19800207,0,clinic,6631600532 ,0 ,6641613257 ,3348738930 ,43637641 ,34552799 ,9884471 ,7607780 ,8535663,1079243506 ,1013891413 ,6202220 ,65259173 ,811986614 ,640229998 ,26787216 ,0 ,765103792 ,733920606 ,150000000 ,31183186 ,0 ,1126126328 ,0 
251,open,busan,65,19990427,25,nursing_hospital,5002480920 ,831034391 ,4274807635 ,3337731060 ,114442246 ,10549263 ,2563980 ,0 ,531877 ,1547334221 ,1500981186 ,911776872 ,22558530 ,3308230227 ,3209847225 ,46801000 ,0 ,1696733005 ,701022955 ,137812262 ,995710050 ,0 ,3158831443 ,1425842178 
252,open,incheon,137,20100107,27,nursing_hospital,4226283577 ,697750790 ,3410632563 ,2548087516 ,14864580 ,105801341 ,104254900 ,3136175 ,23827288 ,725144533 ,597579443 ,445210361 ,53565090 ,9881921371 ,9709225283 ,10000000 ,0 ,3491582200 ,512947127 ,130691604 ,2978635073 ,2861388894 ,7115483704 ,117685184 
253,open,busan,65,20130531,153,nursing_hospital,4886886490 ,166276575 ,4356729605 ,2448542786 ,23450224 ,153821205 ,153821205 ,52055471 ,181453858 ,1262519046 ,1242776096 ,1119885110 ,19742950 ,7325981976 ,7192526039 ,103350000 ,0 ,5042654467 ,848003467 ,127125305 ,4194651000 ,4194651000 ,3545846555 ,0 
255,open,choongnam,9,20100507,103,hospital,1918289230 ,551866812 ,1141046400 ,495377963 ,1305 ,176479604 ,65892164 ,7267530 ,41630189 ,975734927 ,957036714 ,806259954 ,18698213 ,5029190294 ,5014909594 ,14280700 ,0 ,1779499937 ,129499937 ,72097262 ,1650000000 ,1650000000 ,4225425284 ,0 
256,open,gyeongbuk,114,20070102,31,traditional_hospital,1358923881 ,0 ,1070587499 ,550379536 ,4173356 ,145340853 ,20151 ,17971640 ,129197245 ,1505420864 ,1497891764 ,46145690 ,0 ,3407093235 ,3065839235 ,341254000 ,0 ,2097045157 ,216842485 ,71726865 ,1880202672 ,0 ,2815468942 ,0 
257,open,gyeongnam,32,20071203,123,nursing_hospital,2258319210 ,128810560 ,2032365287 ,1494832178 ,7812530 ,80917471 ,80167460 ,0 ,24038422 ,454312039 ,354065356 ,234977500 ,100246683 ,2099060747 ,2031198742 ,19000000 ,0 ,2010848061 ,445193604 ,62000000 ,1565654457 ,1565654457 ,542524725 ,0 
259,open,gyeongbuk,25,20170502,162,nursing_hospital,1114522068 ,0 ,2552348237 ,1598551128 ,46022025 ,80133952 ,80029864 ,0 ,1471938096,164776676 ,147969514 ,4867196 ,9695365 ,6602402601 ,6574002601 ,28400000 ,0 ,7324270273 ,683878061 ,31047300 ,6640392212 ,6028978167 ,557090996,0 
261,open,choongnam,39,20071210,128,nursing_hospital,2758328606 ,155041066 ,2316535483 ,1291652300 ,3933082 ,162065542 ,140623344 ,0 ,128619597 ,1410465223 ,1406571323 ,0 ,3893900 ,4028963546 ,4023963546 ,5000000 ,0 ,2668365532 ,101249110 ,28366674 ,2567116422 ,2567116422 ,2771063237 ,0 
262,open,gangwon,176,20090701,22,hospital,1747025929 ,0 ,1680425176 ,1076311875 ,5708340 ,36276147 ,34778285 ,3770360 ,32262586 ,220882120 ,205122120 ,78259650 ,15760000 ,2900012337 ,2880012337 ,20000000 ,0 ,932559091 ,102559091 ,24986905 ,830000000 ,830000000 ,2188335366 ,0 
263,open,daegu,45,19880614,58,hospital,29838791872 ,1836913934 ,24250465620 ,13966863042 ,1535059337 ,2841193934 ,25079055 ,543354990 ,1901922731 ,6684827316 ,6408233683 ,28472265 ,276593633 ,19465583683 ,13142680554 ,1389610000 ,0 ,14498076509 ,4155477315 ,21000000 ,10342599194 ,319070000 ,11652334490 ,0 
264,open,jeonnam,53,20120126,652,nursing_hospital,16831250640 ,2372297826 ,12345893902 ,8094369059 ,291590605 ,373254574 ,278774183 ,76212340 ,1955182603 ,3145544168 ,3099521903 ,215856423 ,46022265 ,28725284430 ,24605871020 ,70864000 ,0 ,9194517811 ,1642487840 ,20000000 ,7552029971 ,7402029971 ,22676310787 ,0 
265,close,jeonnam,53,20051111,652,nursing_hospital,16831250640 ,2372297826 ,12345893902 ,8094369059 ,291590605 ,373254574 ,278774183 ,76212340 ,1955182603 ,3145544168 ,3099521903 ,215856423 ,46022265 ,28725284430 ,24605871020 ,70864000 ,0 ,9194517811 ,1642487840 ,20000000 ,7552029971 ,7402029971 ,22676310787 ,0 
266,open,jeonbuk,26,20040712,0,clinic,1661011914 ,147966830 ,1291294392 ,740631010 ,3033173 ,68493032 ,65272619 ,11060430 ,145230403 ,540289857 ,503980739 ,106982050 ,24693520 ,2971420176 ,2632117176 ,35133000 ,0 ,1864782926 ,311382926 ,19630658 ,1553400000 ,1553400000 ,1646927107 ,0 
267,open,jeonnam,103,20041201,52,hospital,7651983890 ,849981334 ,6641250954 ,4097520516 ,176266081 ,254891238 ,138307088 ,17776990 ,64349455 ,1919643747 ,1818965926 ,0 ,91309861 ,5104448501 ,4905358704 ,122683300 ,0 ,4287417415 ,706399834 ,18425850 ,3581017581 ,2683274464 ,2736674833 ,0 
268,open,gyeongbuk,115,20130423,175,nursing_hospital,4609359200 ,201516945 ,4333322747 ,2220758294 ,55773943 ,89999280 ,89999280 ,1024900 ,39269271 ,719616870 ,714381650 ,462994360 ,5235220 ,5720307915 ,5661523915 ,38000000 ,0 ,3567516297 ,1165469663 ,17400000 ,2402046634 ,2402046634 ,2872408488 ,0 
269,open,jeonnam,175,20060721,170,nursing_hospital,4220511410 ,0 ,3927397714 ,2439378923 ,9919498 ,43678317 ,16966226 ,7830060 ,251524817 ,1126008878 ,1126008878 ,534704020 ,0 ,3519240904 ,3519240904 ,0 ,0 ,989005681 ,560505681 ,10185264 ,428500000 ,428500000 ,3656244101 ,0 
270,open,gangwon,2,19830618,235,general_hospital,39998491352 ,0 ,41223192101 ,21320301710 ,205033071 ,367549681 ,139830002 ,0 ,1387217359,16831660740 ,16560577336 ,6672819781 ,271083404 ,23687323617 ,22578055467 ,740372400 ,0 ,20089226808 ,11833854348 ,0 ,8255372460 ,3651403890 ,20429757549 ,13999139025 
271,open,seoul,4,20120430,155,general_hospital,32427314872 ,0 ,31882900747 ,11989744300 ,421907661 ,1014764130 ,983049534 ,0 ,48442344,8748671381 ,8523988857 ,71057590 ,224682524 ,4151844981 ,1804721503 ,2103334500 ,0 ,33096760724 ,9859171454 ,0 ,23237589270 ,20325984000 ,20196244362,0 
272,open,seoul,4,19860218,35,hospital,12740410323 ,2038077303 ,10080519607 ,6431621995 ,138380586 ,89903761 ,0 ,0 ,670290238 ,6983857240 ,6699619791 ,0 ,284237449 ,23696698653 ,23047172318 ,0 ,0 ,589067945 ,589067945 ,0 ,0 ,0 ,30091487948 ,7351684320 
273,open,gyeongnam,5,19830219,190,general_hospital,37576799952 ,6666756128 ,32858996617 ,22098892240 ,2543380373 ,1894296872 ,0 ,588240 ,1300457532,14707824101 ,14505885861 ,378251759 ,201938240 ,14488145812 ,13248530882 ,1239614930 ,0 ,25587478691 ,3378342245 ,0 ,22209136446 ,0 ,3608491222 ,0 
274,open,gyeongnam,6,20140901,114,nursing_hospital,0 ,0 ,0 ,0 ,22541403 ,0 ,0 ,0 ,22541403 ,0 ,0 ,0 ,0 ,0 ,0 ,0 ,0 ,0 ,0 ,0 ,0 ,0 ,0 ,0 
275,open,gyeongbuk,7,20141128,194,nursing_hospital,2910783470 ,0 ,2756784010 ,1873600640 ,2505476 ,91619047 ,90596843 ,0 ,64885889 ,0 ,0 ,0 ,0 ,0 ,0 ,0 ,0 ,0 ,0 ,0 ,0 ,0 ,0 ,0 
276,open,gyeongbuk,7,20111021,39,nursing_hospital,4849401454 ,955099290 ,4025120406 ,2446835543 ,16032700 ,77343799 ,76608214 ,0 ,192129341,0 ,0 ,0 ,0 ,0 ,0 ,0 ,0 ,0 ,0 ,0 ,0 ,0 ,0 ,0 
277,open,gyeongbuk,7,20030925,311,hospital,37343754680 ,10702728354 ,27723047189 ,17448504500 ,844967680 ,626214320 ,452511335 ,0 ,863267503,0 ,0 ,0 ,0 ,0 ,0 ,0 ,0 ,0 ,0 ,0 ,0 ,0 ,0 ,0 
278,open,gyeongbuk,8,20110517,262,nursing_hospital,12284213091 ,0 ,11768076460 ,7555150234 ,93240286 ,391456874 ,374483032 ,0 ,217920043 ,3115501094 ,2987512231 ,0 ,127988863 ,15769866531 ,13557839831 ,1846748700 ,0 ,12736471807 ,5342338424 ,0 ,7394133383 ,7094133383 ,6148895818 ,0 
279,open,gyeongbuk,8,20010416,30,hospital,5260449212 ,0 ,4844858524 ,2812593960 ,53259943 ,355086616 ,162091344 ,1533880 ,112230135 ,1328898239 ,1286820417 ,513909202 ,38144977 ,6757700151 ,6034331426 ,8800000 ,0 ,5654906447 ,477894749 ,0 ,5177011698 ,4668500000 ,2431691943 ,1492235943 
280,open,gyeongnam,11,20160601,185,nursing_hospital,4378883558 ,3584024762 ,646213689 ,350049866 ,1453505 ,133742599 ,126059110 ,0 ,16356013 ,490590352 ,477489301 ,7000000 ,13101051 ,7781899000 ,7781899000 ,0 ,0 ,4370813135 ,1588813135 ,0 ,2780000000 ,2680000000 ,3901676217 ,459398783
281,close,gyeonggi,12,20121213,NA,,305438818 ,22416139 ,467475340 ,254868810 ,13451554 ,90129732 ,4239523 ,0 ,261130839,0 ,0 ,0 ,0 ,0 ,0 ,0 ,0 ,0 ,0 ,0 ,0 ,0 ,0 ,0 
283,open,gyeonggi,13,20051019,40,hospital,17275990035 ,2420880290 ,12336351657 ,7153020301 ,126169547 ,1603419564 ,0 ,283526761 ,757981310 ,4046131239 ,3792967015 ,13501760 ,253164224 ,13377307679 ,8973258474 ,193140400 ,0 ,6267387988 ,1695994472 ,0 ,4571393516 ,0 ,11156050930 ,3239523237 
284,open,jeonbuk,14,20041210,132,nursing_hospital,4309310420 ,129577402 ,4072020807 ,2258419600 ,13505198 ,191220890 ,36521306 ,2314330 ,72317811,1516732005 ,1514056805 ,980534650 ,2675200 ,2859315462 ,2844008462 ,15307000 ,0 ,2354558170 ,1104530639 ,0 ,1250027531 ,1040000000 ,2021489297 ,0 
285,open,choongnam,17,20021016,0,clinic,409797374 ,36662438 ,372170351 ,252910820 ,48131 ,7589233 ,5705135 ,1243460 ,7819977,59693171 ,51381257 ,21203195 ,8311914 ,490851651 ,317610321 ,134070000 ,0 ,256590559 ,113499659 ,0 ,143090900 ,143090900 ,293954263 ,56045737
286,open,choongnam,17,20000603,17,clinic,966549537 ,120037131 ,802373175 ,554932630 ,196600 ,27296550 ,4871535 ,0 ,17039281 ,123504765 ,119179901 ,49848430 ,4324864 ,511539968 ,371312678 ,20672000 ,0 ,291985282 ,181985282 ,0 ,110000000 ,110000000 ,343059451 ,0 
287,open,jeonnam,19,20140702,119,nursing_hospital,2503007906 ,0 ,2296243376 ,1300479209 ,8500718 ,114799786 ,97942691 ,0 ,100465462 ,767191772 ,754034412 ,566125280 ,13157360 ,5601024550 ,5569633364 ,30956000 ,0 ,2134969736 ,404030858 ,0 ,1730938878 ,1600000000 ,4233246586 ,0 
288,open,jeonnam,19,19870622,20,hospital,3801356770 ,229509001 ,3119895289 ,1858848315 ,106953229 ,49425625 ,8481748 ,78688520 ,430791564 ,1748679736 ,1679104441 ,0 ,69575295 ,5083106091 ,4245991198 ,28500000 ,0 ,542230666 ,293074666 ,0 ,249156000 ,249156000 ,6289555161 ,0 
289,open,gwangju,20,20140915,96,nursing_hospital,4811243989 ,1392799139 ,3499456800 ,2232606556 ,1192974 ,167622560 ,165047724 ,0 ,247441536,671133303 ,584652746 ,5448802 ,83405649 ,4892534617 ,4055496117 ,27038500 ,0 ,5218046603 ,859381564 ,0 ,4358665039 ,4166400000 ,345621317 ,2914969563
290,open,gwangju,21,20080917,184,hospital,13279248054 ,0 ,13343016290 ,8083250373 ,56467842 ,70400965 ,62032734 ,70440 ,77771799,1141706346 ,850104388 ,680997700 ,291601958 ,8744727170 ,8741008313 ,720000 ,0 ,3692013500 ,1610980098 ,0 ,2081033402 ,1860000000 ,6194420016 ,297886509
291,open,choongbuk,22,20110307,107,nursing_hospital,2323582240 ,37102872 ,2046495393 ,1262953458 ,17020580 ,97408134 ,62456394 ,18446506 ,141149915 ,194845195 ,194845195 ,174482047 ,0 ,3578213085 ,3577999733 ,0 ,0 ,2607050094 ,749896012 ,0 ,1857154082 ,1417034719 ,1166008186 ,0 
295,open,jeonbuk,29,20090917,30,hospital,1048113525 ,39368113 ,847725092 ,563088916 ,171592 ,0 ,0 ,0 ,161191912 ,535557978 ,535557978 ,380279740 ,0 ,3043890803 ,2954085841 ,68074962 ,0 ,5289546591 ,223971761 ,0 ,5065574830 ,0 ,1710097810,2620314810
296,open,gyeonggi,31,20150619,162,nursing_hospital,6312491065 ,287431156 ,5352570014 ,2524212801 ,7397740 ,0 ,387752416 ,0 ,679887635 ,1664884299 ,1625076818 ,680303467 ,39807481 ,14551234039 ,14383865602 ,40944000 ,0 ,14204746893 ,2469242311 ,0 ,11735504582 ,11676857947 ,2011371445 ,0 
297,open,gyeonggi,31,20060412,48,traditional_hospital,1794075953 ,78935405 ,1577849220 ,1005042177 ,652802 ,174171020 ,174170966 ,0 ,36226890,182852721 ,161734512 ,74282855 ,21118209 ,9051497170 ,8981863364 ,48907930 ,0 ,5044692434 ,194692434 ,0 ,4850000000 ,4850000000 ,4189657457 ,0 
298,open,gyeongnam,32,20170120,160,nursing_hospital,3279139204 ,372696579 ,3507971938 ,2659892367 ,1596568 ,83065655 ,83065655 ,0 ,682998400,423710031 ,366251331 ,182604364 ,57458700 ,6990698210 ,6972698210 ,8000000 ,0 ,3478120846 ,648120846 ,0 ,2830000000 ,2830000000 ,3936287395 ,0 
300,open,gyeongnam,32,20141002,172,nursing_hospital,5676235498 ,3674966463 ,2009281680 ,0 ,23331277 ,5514 ,0 ,0 ,15313118 ,2070599376 ,2040606873 ,7785631 ,26392531 ,9019560941 ,8669560941 ,50000000 ,0 ,465794533 ,458211173 ,0 ,7583360 ,0 ,10624365784 ,0 
302,open,gyeongnam,32,20111201,105,nursing_hospital,3171579510 ,0 ,3016662292 ,1849313055 ,7908418 ,71389252 ,60451225 ,0 ,91436384 ,518294537 ,518294537 ,106870004 ,0 ,3925051339 ,3730778076 ,7682500 ,0 ,2237017675 ,377917675 ,0 ,1859100000 ,1809100000 ,2206328201 ,126160000 
303,open,gyeongnam,32,20071126,54,hospital,12253802464 ,668054266 ,10593491560 ,5985061274 ,316745396 ,876490991 ,207529356 ,0 ,432511043 ,4227727365 ,4222704735 ,332260249 ,5022630 ,10291481411 ,9940460649 ,348647202 ,0 ,9437916643 ,443866269 ,0 ,8994050374 ,7440000000 ,5081292133 ,0 
304,open,gyeongnam,32,19980420,39,nursing_hospital,7844882620 ,0 ,7580377083 ,3590314890 ,18142753 ,2600000 ,0 ,38615720 ,241432570 ,2850048747 ,2789737288 ,250000 ,60311459 ,3595462835 ,3555308965 ,40153870 ,0 ,1156548029 ,588869013 ,0 ,567679016 ,0 ,5288963553 ,0 
305,open,jeonnam,33,20140127,150,nursing_hospital,5717200250 ,336190853 ,5087205474 ,2745445259 ,80103616 ,373016309 ,368572919 ,0 ,891230 ,0 ,0 ,0 ,0 ,0 ,0 ,0 ,0 ,0 ,0 ,0 ,0 ,0 ,0 ,0 
306,close,jeonnam,33,19990603,66,nursing_hospital,22330305917 ,848465677 ,18492554091 ,12322408350 ,423628901 ,1304816893 ,417949094 ,415894516 ,1692203641 ,18292922272 ,18184287157 ,3728960464 ,108635115 ,13076229994 ,12656386688 ,312415620 ,0 ,15827363792 ,12859729048 ,0 ,2967634744 ,0 ,15541788474 ,0 
308,open,seoul,36,20160526,0,clinic,912525500 ,58241510 ,1012169282 ,525482974 ,86808 ,22499097 ,22251498 ,169660 ,180467241,102994778 ,97973028 ,0 ,5021750 ,2402643969 ,2402543969 ,100000 ,0 ,1006269105 ,287415873 ,0 ,718853232 ,718853232 ,1499369642 ,0 
309,close,seoul,36,20141226,0,clinic,912525500 ,58241510 ,1012169282 ,525482974 ,86808 ,22499097 ,22251498 ,169660 ,180467241,102994778 ,97973028 ,0 ,5021750 ,2402643969 ,2402543969 ,100000 ,0 ,1006269105 ,287415873 ,0 ,718853232 ,718853232 ,1499369642 ,0 
311,open,choongnam,37,20140310,132,nursing_hospital,5114477911 ,397709572 ,4059437181 ,1652618232 ,121632016 ,13668705 ,0 ,0 ,765294469 ,0 ,0 ,0 ,0 ,0 ,0 ,0 ,0 ,0 ,0 ,0 ,0 ,0 ,0 ,0 
312,open,choongnam,37,20130612,359,nursing_hospital,6810866759 ,0 ,6070665618 ,3354320790 ,149673702 ,474302564 ,21730304 ,45861360 ,369710919 ,1655341948 ,1650763948 ,545074000 ,4578000 ,3772044670 ,3712187837 ,15210000 ,0 ,1770147793 ,445927834 ,0 ,1324219959 ,700000000 ,3657238825 ,0 
313,open,choongnam,37,20080403,181,nursing_hospital,6022897430 ,0 ,5731404444 ,3457027408 ,13816616 ,109873778 ,100155378 ,0 ,195435824 ,2733403783 ,2722132805 ,0 ,11270978 ,4152961568 ,3960215568 ,192746000 ,0 ,3638414360 ,511012058 ,0 ,3127402302 ,2700000000 ,3247950991 ,1245761391 
314,open,choongnam,37,20080110,96,nursing_hospital,3617018150 ,182791341 ,3168632669 ,2009260600 ,3995975 ,74820522 ,73150400 ,21785193 ,172984400 ,781476480 ,775279480 ,0 ,6197000 ,4096044348 ,3110556348 ,6000000 ,0 ,2450797797 ,165816357 ,0 ,2284981440 ,2284981440 ,2426723031 ,0 
315,open,jeonnam,38,20140924,80,nursing_hospital,2332888550 ,328597790 ,1897648096 ,1138795770 ,5822171 ,50925822 ,50664742 ,7278912 ,54260101 ,712353513 ,680651243 ,632065141 ,31702270 ,4051313701 ,4051313701 ,0 ,0 ,1520959116 ,291959116 ,0 ,1230000000 ,1230000000 ,3242708098 ,239515288 
316,open,jeonnam,38,20030519,50,nursing_hospital,5524218104 ,0 ,5446774518 ,3136901296 ,16718613 ,74969425 ,74460582 ,37401140 ,18208366,1305302510 ,1174842481 ,1071459236 ,130460029 ,4680289253 ,4680289253 ,0 ,0 ,3002753468 ,269242505 ,0 ,2733510963 ,2339186503 ,2982838295 ,2794459345 
317,open,daegu,40,20070104,189,general_hospital,41103970120 ,0 ,35309191904 ,14557664830 ,984129575 ,750475285 ,242216292 ,1762962000 ,4265470506 ,0 ,0 ,0 ,0 ,0 ,0 ,0 ,0 ,0 ,0 ,0 ,0 ,0 ,0 ,0 
318,open,daegu,42,20020304,150,hospital,21560053503 ,2966155185 ,17606296610 ,7900977255 ,6683134 ,347359426 ,306401676 ,0 ,646925416 ,0 ,0 ,0 ,0 ,0 ,0 ,0 ,0 ,0 ,0 ,0 ,0 ,0 ,0 ,0 
319,open,daegu,44,19980507,134,nursing_hospital,3634865780 ,0 ,2750632072 ,1453742920 ,733292 ,69238619 ,66339342 ,140852850 ,674875531 ,2191023225 ,2182779625 ,0 ,8243600 ,4070057529 ,4005131046 ,16126750 ,0 ,2484146420 ,44226982 ,0 ,2439919438 ,2439919438 ,3776934334 ,1056194334 
320,open,daejeon,49,20100519,193,nursing_hospital,5139874046 ,425257616 ,3956356852 ,2348010879 ,169393110 ,420333030 ,28072696 ,56780570 ,450539088 ,0 ,0 ,0 ,0 ,0 ,0 ,0 ,0 ,0 ,0 ,0 ,0 ,0 ,0 ,0 
321,open,daejeon,49,19871211,50,hospital,0 ,0 ,68217740 ,0 ,175263 ,0 ,0 ,0 ,68042477,369446461 ,368944087 ,338952500 ,502374 ,5968101548 ,5846511548 ,0 ,0 ,35751750 ,35751750 ,0 ,0 ,0 ,6301796259 ,0 
322,open,daejeon,50,20071113,134,nursing_hospital,5179856800 ,910527771 ,4009255929 ,1794018830 ,17866507 ,98493482 ,62079310 ,6220386 ,173225739 ,3059885510 ,3056879000 ,2123853481 ,3006510 ,3518877016 ,3474455996 ,44421020 ,0 ,2249563644 ,497563644 ,0 ,1750000000 ,1750000000 ,4329198882 ,0 
323,open,daejeon,50,20060414,298,nursing_hospital,6273341294 ,336456498 ,5722357235 ,3489773125 ,6041465 ,109412721 ,102599597 ,0 ,111156305 ,1578637944 ,1575373444 ,509170960 ,3264500 ,4779910899 ,4704189959 ,0 ,0 ,2780394878 ,627429048 ,0 ,2152965830 ,1500000000 ,3578153965 ,1299480565 
324,open,seoul,51,20000929,19,hospital,104000000000 ,18940593910 ,81339952123 ,36688034110 ,631221521 ,84140691 ,0 ,2808883191 ,970982375 ,39251702540 ,37600054201 ,9897251698 ,1651648339 ,114000000000 ,66585451756 ,1348274440 ,0 ,14291059131 ,6618256131 ,0 ,7672803000 ,0 ,139000000000 ,134000000000 
325,open,seoul,52,20081231,16,clinic,43116940 ,20143658 ,398077071 ,126000000 ,241591 ,4123400 ,0 ,0 ,378985598,17700750 ,17700750 ,3870760 ,0 ,4813897974 ,4812929974 ,968000 ,0 ,353345888 ,343445888 ,0 ,9900000 ,0 ,4478252836 ,0 
327,open,jeonnam,53,19990309,340,general_hospital,211585330 ,0 ,37945056 ,0 ,0 ,0 ,0 ,0 ,173640274 ,0 ,0 ,0 ,0 ,0 ,0 ,0 ,0 ,0 ,0 ,0 ,0 ,0 ,0 ,0 
328,open,gyeongbuk,54,19810605,545,general_hospital,370551475 ,362099268 ,0 ,0 ,0 ,0 ,0 ,0 ,8452207 ,0 ,0 ,0 ,0 ,0 ,0 ,0 ,0 ,0 ,0 ,0 ,0 ,0 ,0 ,0 
329,open,choongnam,55,20070608,82,nursing_hospital,1371673098 ,88850663 ,1479982648 ,845358303 ,18988948 ,91100861 ,90514225 ,0 ,269272126,295647013 ,295647013 ,283629961 ,0 ,5388442691 ,5386442691 ,2000000 ,0 ,2029169902 ,450169902 ,0 ,1580000000 ,1580000000 ,3654919802 ,0 
331,open,choongbuk,57,20081114,199,nursing_hospital,5317680322 ,0 ,4684074465 ,2674893000 ,5347078 ,104635951 ,90439291 ,0 ,534316984 ,0 ,0 ,0 ,0 ,0 ,0 ,0 ,0 ,0 ,0 ,0 ,0 ,0 ,0 ,0 
332,open,busan,60,20100809,84,nursing_hospital,2218020711 ,209581193 ,1957999248 ,1456995590 ,10188871 ,45791068 ,45187036 ,1633010 ,13205063 ,839045268 ,836544019 ,657747816 ,2501249 ,2338077257 ,2225383497 ,2250000 ,0 ,1589534408 ,189534408 ,0 ,1400000000 ,1400000000 ,1587588117 ,0 
333,open,busan,61,20020422,146,hospital,34642075179 ,2072919045 ,31743968435 ,16542755035 ,266919878 ,140231539 ,65413820 ,116768240 ,835107798 ,5049599593 ,4711923993 ,2386690920 ,337675600 ,14579114490 ,11081185300 ,3246990000 ,0 ,11684950171 ,8188638327 ,0 ,3496311844 ,1760000000 ,7943763912 ,0 
335,open,busan,62,20100423,194,nursing_hospital,9415617490 ,0 ,8968913624 ,5677301293 ,131414973 ,559742865 ,67442885 ,89043270 ,70667296,2201031755 ,2201031755 ,1376992103 ,0 ,7257672915 ,5275394718 ,500000000 ,0 ,5791812668 ,1152504760 ,0 ,4639307908 ,2040000000 ,3666892002 ,1239850236 
338,open,busan,62,19990401,0,nursing_hospital,3880361965 ,212957367 ,3645669140 ,2279279579 ,0 ,0 ,0 ,0 ,21735458 ,6143056202 ,6121472776 ,556948696 ,21583426 ,131670247 ,53176281 ,1079320 ,0 ,1926987508 ,626987508 ,0 ,1300000000 ,0 ,4347738941 ,0 
339,open,busan,63,20140106,121,nursing_hospital,3160360223 ,0 ,2742246299 ,1705100965 ,13058289 ,151071207 ,150632458 ,0 ,280101006 ,770510597 ,760668097 ,271062718 ,9842500 ,5403358727 ,5348357765 ,47000000 ,0 ,4207848577 ,442848577 ,0 ,3770000000 ,3680000000 ,1966020747 ,51569603 
340,open,busan,64,20090204,172,hospital,19725085165 ,1716538905 ,17778735281 ,9649540693 ,376137810 ,342895646 ,19925646 ,257856180 ,5196963 ,2483615080 ,2324423314 ,1270292384 ,98668216 ,11417915427 ,11179035427 ,236880000 ,0 ,5573847775 ,3720521599 ,0 ,1853326176 ,0 ,8327682732 ,4013980311 
342,open,busan,67,20150508,231,nursing_hospital,8683194167 ,0 ,7801103612 ,4298767407 ,39408040 ,561471536 ,160036631 ,66994150 ,293032909 ,1887124205 ,1887124205 ,1389278621 ,0 ,9185112347 ,8829804347 ,39000000 ,0 ,5774177718 ,700177718 ,0 ,5070000000 ,4850000000 ,5298058834 ,0 
344,open,busan,68,20031201,0,clinic,684550260 ,0 ,561935625 ,301400000 ,8067090 ,2748281 ,1364824 ,18640111 ,109293333 ,1332665086 ,1331506704 ,62436350 ,0 ,772105779 ,502105779 ,270000000 ,0 ,95280871 ,94910871 ,0 ,370000 ,0 ,2009489994 ,0 
345,open,busan,69,20170420,0,traditional_clinic,684550260 ,0 ,561935625 ,301400000 ,8067090 ,2748281 ,1364824 ,18640111 ,109293333 ,1332665086 ,1331506704 ,62436350 ,0 ,772105779 ,502105779 ,270000000 ,0 ,95280871 ,94910871 ,0 ,370000 ,0 ,2009489994 ,0 
347,open,busan,72,19920930,46,hospital,24902239589 ,0 ,20754401915 ,9124568740 ,1260066039 ,2201163603 ,0 ,751876410 ,2454863700 ,17426198419 ,17188730918 ,43000000 ,237467501 ,20204004977 ,17821794609 ,2089574158 ,0 ,11298983522 ,1269737818 ,0 ,10029245704 ,0 ,26331219874 ,0 
349,open,gyeongnam,75,20100430,217,hospital,31228245310 ,8493209446 ,20522064521 ,13260001610 ,1056240724 ,203213871 ,76872540 ,626731120 ,2439267076 ,9398524773 ,9186045483 ,0 ,212479290 ,10933048319 ,9998425755 ,163225000 ,0 ,8347351629 ,6001141629 ,0 ,2346210000 ,2146197000 ,11984221463 ,0 
350,open,seoul,79,19970728,0,clinic,90657337791 ,34110346410 ,51275591198 ,18373206448 ,249110359 ,650564731 ,0 ,913862494 ,3956083317 ,41559467402 ,39491703838 ,2095708943 ,2067763564 ,15617505806 ,4037984019 ,3740957990 ,0 ,28678713715 ,20393868777 ,0 ,8284844938 ,0 ,28498259493 ,688141168 
351,open,gyeonggi,80,20040204,22,hospital,5078418480 ,991572261 ,4064323780 ,2840441447 ,42020699 ,39903758 ,504763 ,2765855 ,21873525 ,1372133679 ,1312807479 ,1655958 ,59326200 ,2386537960 ,2318993210 ,50000000 ,0 ,758594349 ,609244349 ,0 ,149350000 ,0 ,3000077290 ,0 
352,open,gyeonggi,80,19980328,523,general_hospital,141000000000 ,42200188968 ,103000000000 ,64035593950 ,2425593647 ,2517221749 ,0 ,155935820 ,4696700774,26642193977 ,25475995897 ,14092571696 ,1166198080 ,156000000000 ,156000000000 ,0 ,0 ,68592442980 ,20220594605 ,0 ,48371848375 ,0 ,114000000000 ,0 
353,open,gyeonggi,81,20040303,255,general_hospital,NA,NA,NA,NA,NA,NA,NA,NA,NA,NA,NA,NA,NA,NA,NA,NA,NA,NA,NA,NA,NA,NA,NA,NA
354,open,gyeonggi,82,20040422,14,clinic,4639142118 ,0 ,4152333613 ,2434251548 ,20861577 ,301129796 ,97144021 ,8881100 ,197659186 ,1296812887 ,1292956887 ,455873903 ,3856000 ,3441707066 ,2965507546 ,476193520 ,0 ,3573312133 ,446175930 ,0 ,3127136203 ,2798330000 ,1165207820 ,0 
355,open,sejong,85,20050223,180,nursing_hospital,4629581758 ,0 ,4454414584 ,2225947670 ,50483183 ,165494312 ,108300237 ,107720 ,60048325 ,875327728 ,875327728 ,728829250 ,0 ,11042970068 ,10979210068 ,53200000 ,0 ,4298669054 ,723669054 ,0 ,3580000000 ,3330000000 ,7619628742 ,0 
356,open,gangwon,86,20100405,193,general_hospital,9000000 ,0 ,4070430 ,0 ,0 ,0 ,0 ,0 ,4929570 ,235340 ,235340 ,235340 ,0 ,339411005 ,339411005 ,0 ,0 ,0 ,0 ,0 ,0 ,0 ,339646345 ,0 
357,open,gyeonggi,90,19830518,339,general_hospital,62119468063 ,0 ,61961288974 ,31038578546 ,2351451268 ,207654215 ,19451740 ,239284900 ,2062691242 ,34554286094 ,33657227071 ,296239299 ,897059023 ,27308429271 ,23131276536 ,4177152735 ,0 ,19102090043 ,14434643703 ,0 ,4667446340 ,1390000000 ,42760625322 ,109305447 
358,open,gyeonggi,90,19820110,24,hospital,4271967414 ,705092247 ,3602863730 ,2619078640 ,163060439 ,162997002 ,163614 ,11538090 ,47463216,1087581285 ,991476994 ,582042687 ,96104291 ,10881052682 ,10803514882 ,23537800 ,0 ,1790009782 ,378697894 ,0 ,1411311888 ,0 ,10178624185 ,0 
359,open,gyeonggi,92,20140214,137,nursing_hospital,2619102276 ,0 ,2522123535 ,1499649768 ,29118 ,75853884 ,73453884 ,0 ,21153975 ,885808063 ,835543016 ,535231390 ,50265047 ,5304495636 ,5294395636 ,10100000 ,0 ,2504671389 ,1164671389 ,0 ,1340000000 ,1340000000 ,3685632310 ,1079232310 
360,open,jeonnam,93,20140519,24,hospital,787656250 ,0 ,716005805 ,343902800 ,7939 ,22481207 ,22481207 ,1303520 ,47873657 ,68757088 ,68757088 ,59780980 ,0 ,1142391871 ,1112391871 ,30000000 ,0 ,512383936 ,30169780 ,0 ,482214156 ,482214156 ,698765023 ,0 
361,open,choongnam,94,20121204,143,nursing_hospital,3482731707 ,152412981 ,3172634217 ,1644365564 ,55469675 ,190357874 ,79841079 ,0 ,22796310 ,830036676 ,816094106 ,479762133 ,13942570 ,3956506429 ,3861961475 ,24200000 ,0 ,2327395560 ,345395560 ,0 ,1980000000 ,1940000000 ,2459147545 ,0 
362,open,choongnam,94,19861212,50,nursing_hospital,NA,NA,NA,NA,NA,NA,NA,NA,NA,NA,NA,NA,NA,NA,NA,NA,NA,NA,NA,NA,NA,NA,NA,NA
363,open,gyeongbuk,95,20141219,0,clinic,NA,NA,NA,NA,NA,NA,NA,NA,NA,NA,NA,NA,NA,NA,NA,NA,NA,NA,NA,NA,NA,NA,NA,NA
364,open,gyeongbuk,95,20051101,154,nursing_hospital,8834885882 ,252471989 ,6669097337 ,4367992700 ,77818626 ,1912073772 ,70877787 ,17324330 ,61737080 ,3562733104 ,3541150515 ,11469688 ,21582589 ,3043794830 ,2843348430 ,200446400 ,0 ,5000456151 ,357613863 ,0 ,4642842288 ,2200000000 ,1606071783 ,576137783 
365,open,gyeonggi,97,19940316,247,hospital,21805125517 ,0 ,22246850049 ,12141758290 ,269020614 ,158833018 ,106981268 ,0 ,331536936,0 ,0 ,0 ,0 ,0 ,0 ,0 ,0 ,0 ,0 ,0 ,0 ,0 ,0 ,0 
366,close,gyeonggi,98,20170120,0,traditional_clinic,7162790357 ,875894383 ,5387361747 ,2654961482 ,76357947 ,312188211 ,289749590 ,0 ,663703963 ,0 ,0 ,0 ,0 ,0 ,0 ,0 ,0 ,0 ,0 ,0 ,0 ,0 ,0 ,0 
367,open,gyeonggi,98,20090507,4,clinic,7162790357 ,875894383 ,5387361747 ,2654961482 ,76357947 ,312188211 ,289749590 ,0 ,663703963 ,0 ,0 ,0 ,0 ,0 ,0 ,0 ,0 ,0 ,0 ,0 ,0 ,0 ,0 ,0 
369,open,gangwon,100,20020123,39,hospital,3007768517 ,1197756081 ,2258240148 ,1775322200 ,611489427 ,52796570 ,52076570 ,0 ,110465145 ,944324749 ,806513466 ,478239231 ,137811283 ,2105344294 ,1999415782 ,100700000 ,0 ,1898374697 ,359074697 ,0 ,1539300000 ,1539300000 ,1151294346 ,359919226 
371,open,gyeongnam,101,19990806,0,nursing_hospital,11981613146 ,0 ,10778762060 ,5889179684 ,270936463 ,35747361 ,25169421 ,358826341 ,1079213847 ,7137712327 ,7133299827 ,1382799526 ,0 ,8263375004 ,8261381194 ,1993810 ,0 ,2961595179 ,1346883870 ,0 ,1614711309 ,709930000 ,12439492152 ,0 
372,open,gyeonggi,102,20140514,40,traditional_hospital,3279694180 ,177914503 ,2569054545 ,1508745107 ,132188702 ,224305160 ,118211730 ,139778125 ,300830549 ,0 ,0 ,0 ,0 ,0 ,0 ,0 ,0 ,0 ,0 ,0 ,0 ,0 ,0 ,0 
373,open,gyeonggi,104,20040916,136,nursing_hospital,5244736380 ,0 ,5294404031 ,2805394020 ,124366120 ,73052162 ,4555502 ,0 ,1646307 ,0 ,0 ,0 ,0 ,0 ,0 ,0 ,0 ,0 ,0 ,0 ,0 ,0 ,0 ,0 
375,open,seoul,109,19920801,52,hospital,53234305841 ,10780702166 ,33180269926 ,20529773655 ,3541611734 ,7728744447 ,0 ,1120280500 ,3965920536 ,23389734338 ,22905359985 ,34670620 ,484374353 ,46154796203 ,27674644895 ,2085825139 ,0 ,32619783048 ,3785926638 ,0 ,28833856410 ,0 ,36924747493 ,30688991419 
376,open,gyeongbuk,111,19880217,45,hospital,2746590949 ,469851883 ,3343374085 ,1332867266 ,497155413 ,440206070 ,343937252 ,0 ,1009685676,1228000764 ,1167436299 ,59000000 ,60564465 ,49426460385 ,49373263314 ,0 ,0 ,51855575683 ,567469338 ,0 ,51288106345 ,32561472110 ,1201114534,137534477 
378,open,gyeongbuk,114,20111018,145,nursing_hospital,4093586160 ,0 ,4366257339 ,2799097617 ,48560220 ,146688906 ,142624620 ,0 ,370799865,379716080 ,363801822 ,0 ,15914258 ,4903673544 ,4878173544 ,25500000 ,0 ,4895774271 ,2417774271 ,0 ,2480000000 ,2360000000 ,387615353 ,0 
379,open,choongbuk,117,20111207,152,nursing_hospital,3252111902 ,0 ,3121026860 ,1716700830 ,60409310 ,106643852 ,106643637 ,3542990 ,81307510 ,1818668292 ,1818668292 ,355815170 ,0 ,3707164923 ,3578563605 ,0 ,0 ,2540119609 ,307411609 ,0 ,2232708000 ,2232708000 ,2985713606 ,0 
381,open,jeonbuk,118,20041202,88,nursing_hospital,2350015140 ,64488661 ,2194768018 ,1278552280 ,1858200 ,29461424 ,11261254 ,2853978 ,60301259 ,837787026 ,816426814 ,0 ,21360212 ,2807975408 ,2700123623 ,107851785 ,0 ,2234738118 ,734636032 ,0 ,1500102086 ,1410000000 ,1411024316 ,0 
383,open,ulsan,125,20160826,176,hospital,54140293892 ,0 ,45806838278 ,22707446304 ,246996963 ,1756385848 ,707451720 ,911707170 ,5912359559 ,21079663358 ,20743704929 ,0 ,335958429 ,46302910399 ,43696561689 ,607348710 ,0 ,43074406247 ,18899139806 ,0 ,24175266441 ,15901660000 ,24308167510 ,4707295451 
384,open,ulsan,125,20140804,235,general_hospital,54140293892 ,0 ,45806838278 ,22707446304 ,246996963 ,1756385848 ,707451720 ,911707170 ,5912359559 ,21079663358 ,20743704929 ,0 ,335958429 ,46302910399 ,43696561689 ,607348710 ,0 ,43074406247 ,18899139806 ,0 ,24175266441 ,15901660000 ,24308167510 ,4707295451 
385,open,gangwon,128,20150314,42,hospital,2132680025 ,0 ,1821932803 ,1020400190 ,37701754 ,125718230 ,71284128 ,5868310 ,216862436 ,1373881830 ,1242813525 ,408032480 ,131068305 ,2431343407 ,2431343407 ,0 ,0 ,2338658482 ,828099365 ,0 ,1510559117 ,1200000000 ,1466566755 ,0 
386,open,gyeongbuk,132,20060825,113,nursing_hospital,2360720230 ,0 ,2346809374 ,1340151587 ,8248638 ,4368790 ,0 ,14399160 ,3391544 ,371336831 ,361924678 ,254130052 ,6651370 ,1421254762 ,1385429501 ,35825261 ,0 ,5924427544 ,1355250584 ,0 ,4569176960 ,3327097704 ,4131835951,0 
390,open,gyeonggi,134,20071031,179,nursing_hospital,6184769343 ,0 ,0 ,0 ,0 ,0 ,0 ,0 ,6184769343 ,1794309443 ,861005182 ,0 ,104168463 ,8255678042 ,8161076374 ,75725000 ,0 ,4067437917 ,527837917 ,0 ,3539600000 ,3130000000 ,5982549568 ,0 
391,open,jeonbuk,136,20010307,248,general_hospital,37243828221 ,0 ,37743205290 ,20531625564 ,363521090 ,177820236 ,177820236 ,0 ,313676215,8621573290 ,8456992137 ,12758083 ,164581153 ,25422281945 ,25304161945 ,118120000 ,0 ,23161957723 ,15721776383 ,0 ,7440181340 ,770000000 ,10881897512 ,0 
392,open,incheon,137,20131021,171,nursing_hospital,4527727130 ,229210064 ,4062514623 ,2317976211 ,4243577 ,97861996 ,72012606 ,0 ,142384024 ,712469061 ,712469061 ,13011300 ,0 ,2778867057 ,2749583177 ,29283880 ,0 ,2058721686 ,1754751686 ,0 ,303970000 ,303970000 ,1432614432 ,0 
393,open,incheon,140,20100706,24,hospital,2080929244 ,0 ,1934999794 ,981257021 ,74382 ,23374897 ,23374897 ,13272730 ,109356205 ,1381782661 ,1381782661 ,376200000 ,0 ,2599458458 ,2411553308 ,0 ,0 ,899764399 ,269474123 ,0 ,630290276 ,630290276 ,3081476720 ,0 
399,open,gyeongnam,154,20090522,199,nursing_hospital,5773932624 ,183132952 ,5206653606 ,3343153409 ,68671924 ,320309552 ,235139031 ,132508438 ,0 ,2421399296 ,2388219836 ,772840400 ,33179460 ,4755613924 ,4598463841 ,137272100 ,0 ,0 ,0 ,0 ,0 ,0 ,7177013220 ,0 
400,open,gyeongnam,154,19950515,66,hospital,3781154250 ,256014255 ,3606557187 ,2560967195 ,12161767 ,331901068 ,114872746 ,1490 ,401157983,1156094639 ,1139579982 ,357330120 ,16514657 ,4894589978 ,4887526728 ,2067050 ,0 ,4970463715 ,2260463715 ,0 ,2710000000 ,2710000000 ,1080220902 ,0 
402,open,choongnam,158,20090205,159,nursing_hospital,3264274401 ,89372933 ,2758200772 ,1453934870 ,37797050 ,114924351 ,114919409 ,54580780 ,284992615 ,1243239139 ,1239945139 ,273694014 ,3294000 ,6600751122 ,6573591121 ,17300000 ,0 ,3819669851 ,69312201 ,0 ,3750357650 ,3750357650 ,4024320410 ,0 
405,open,gyeongbuk,160,20090803,35,nursing_hospital,1518810590 ,118204492 ,1280711715 ,911366820 ,3794477 ,110178550 ,31972079 ,0 ,13510310 ,775498297 ,772929497 ,0 ,2568800 ,2004575179 ,1986671179 ,0 ,0 ,1201235216 ,198525216 ,0 ,1002710000 ,1002710000 ,1578838260 ,0 
406,open,gyeongbuk,160,20090703,90,nursing_hospital,2087763520 ,432135239 ,2110781050 ,1390194761 ,546810781 ,75001142 ,74707587 ,0 ,16656870 ,186371126 ,182703426 ,81114370 ,3667700 ,4094109219 ,4044601812 ,20526000 ,0 ,2806875547 ,1032075547 ,0 ,1774800000 ,1774800000 ,1473604798 ,0 
407,open,gyeongbuk,160,19881104,119,hospital,9618708606 ,0 ,9751211297 ,4979714120 ,813200615 ,554343170 ,27044684 ,21939910 ,104414844 ,3764172329 ,3597631735 ,31388570 ,166540594 ,6189315775 ,4821054907 ,219444548 ,0 ,4946246170 ,1736070785 ,0 ,3210175385 ,468160000 ,5007241934 ,0 
408,open,choongbuk,163,20140409,158,nursing_hospital,3514459789 ,162262494 ,3098506803 ,1831216841 ,28748506 ,183196506 ,175303986 ,392260 ,98850232 ,0 ,0 ,0 ,0 ,0 ,0 ,0 ,0 ,0 ,0 ,0 ,0 ,0 ,0 ,0 
409,open,choongbuk,163,20080514,70,nursing_hospital,3657338598 ,718076427 ,2539863259 ,1612448900 ,194159398 ,227973074 ,227973074 ,63509580 ,302075656 ,0 ,0 ,0 ,0 ,0 ,0 ,0 ,0 ,0 ,0 ,0 ,0 ,0 ,0 ,0 
411,open,choongnam,167,20091026,0,clinic,663950938 ,3479105 ,680570092 ,443978109 ,68479716 ,47446193 ,42074250 ,0 ,935264 ,0 ,0 ,0 ,0 ,0 ,0 ,0 ,0 ,0 ,0 ,0 ,0 ,0 ,0 ,0 
412,open,gyeonggi,168,20080204,86,hospital,8116129722 ,1657442718 ,7446936590 ,4623183024 ,48805311 ,294028925 ,249199824 ,0 ,1233473200,1531730901 ,1355211020 ,636264700 ,176519881 ,13065414961 ,13008314961 ,57100000 ,0 ,6459588502 ,1145918303 ,0 ,5313670199 ,0 ,8137557360 ,0 
414,close,gyeonggi,169,20140620,200,general_hospital,2375763729 ,804817755 ,3662180148 ,2668110471 ,2955084 ,395031513 ,159655690 ,0 ,2483310603,751584827 ,608995435 ,405467387 ,142589392 ,15837101185 ,15516352585 ,320748600 ,0 ,12155377425 ,5555377425 ,0 ,6600000000 ,6500000000 ,4433308587 ,6916619190 
415,open,gyeonggi,169,20030120,151,general_hospital,19104820990 ,945492862 ,18675900235 ,10010503400 ,344177653 ,328031203 ,255598097 ,0 ,500425657,1997003874 ,1930176016 ,320000 ,66827858 ,12546610740 ,10365227387 ,342502540 ,0 ,11437426127 ,6535941256 ,0 ,4901484871 ,3609250799 ,3106188487 ,377394803
417,open,gyeonggi,169,20020401,306,general_hospital,100000000000 ,26470229895 ,64274131751 ,43025362200 ,6959476115 ,8294443997 ,164053669 ,776907730 ,7475426881 ,30642574399 ,29784478808 ,108665091 ,858095591 ,77769839994 ,77116140914 ,182000 ,0 ,67843851961 ,12826489342 ,0 ,55017362619 ,15000000000 ,40568562432 ,491500000 
418,open,gyeonggi,170,20120312,109,hospital,4303269676 ,242387555 ,3455912256 ,2228913651 ,3840153 ,267823039 ,86869777 ,0 ,340986979 ,450895753 ,444423450 ,377584844 ,6472303 ,7470235874 ,7323860279 ,54716400 ,0 ,4942361541 ,2905426541 ,0 ,2036935000 ,2020000000 ,2978770086 ,0 
419,open,gyeongnam,174,20101104,367,nursing_hospital,12079632494 ,530924107 ,9521440239 ,5691328301 ,49773739 ,1151423562 ,202882821 ,446810960 ,478807365 ,3424591368 ,3366408329 ,2508609870 ,58183039 ,14216664480 ,14093598880 ,105525000 ,0 ,8097221438 ,6926221438 ,0 ,1170000000 ,0 ,9544034410 ,0 
420,open,gyeonggi,177,20110523,0,nursing_hospital,5500472070 ,0 ,4883855221 ,2653679792 ,62681034 ,383181194 ,53451647 ,50422230 ,245694459 ,3772364440 ,3757177637 ,1031964159 ,15186803 ,5289836320 ,5287754486 ,0 ,0 ,4478687046 ,957757927 ,0 ,3520929119 ,1800000000 ,4583513714 ,0 
422,open,jeonnam,178,20050211,214,nursing_hospital,7614696536 ,415347464 ,5903119133 ,3467861240 ,42098974 ,743942102 ,187576102 ,0 ,594386811 ,2776602883 ,2769516492 ,1797116421 ,7086391 ,11912655024 ,11718677096 ,119856720 ,0 ,8715369364 ,1520003728 ,0 ,7195365636 ,5930000000 ,5973888543 ,1406028413 
423,close,choongnam,159,20140618,NA,hospital,6717143911 ,8200000000 ,0 ,0 ,186359 ,139851326 ,129697525 ,0 ,1622521056,0 ,0 ,0 ,0 ,0 ,0 ,0 ,0 ,0 ,0 ,0 ,0 ,0 ,0 ,0 
426,close,gyeongbuk,107,19830705,NA,hospital,0 ,0 ,54794278 ,7500000 ,121022160 ,137980960 ,137980960 ,0 ,71753078,3867238248 ,3867238248 ,1132312345 ,0 ,5569635921 ,5419755881 ,67957340 ,0 ,6249466168 ,2050341703 ,0 ,4199124465 ,2498749346 ,3187408001 ,0 
427,close,gyeonggi,169,20070101,180,nursing_hospital,2116892231 ,268174808 ,3286244912 ,2231944446 ,123665065 ,536691924 ,514368798 ,0 ,1850554348,4929369598 ,4910840268 ,28347340 ,18529330 ,11966238035 ,4441451040 ,0 ,73742310 ,580426781 ,7507060418 ,0 ,0 ,0 ,0 ,0 
428,open,seoul,79,20011017,NA,traditional_hospital,1340971077 ,810845020 ,504340856 ,131897772 ,2264007 ,73558495 ,73558495 ,0 ,45509287,662417593 ,619780119 ,15459630 ,42637474 ,10246798352 ,10119677852 ,86930500 ,0 ,5418547455 ,3187619043 ,0 ,2230928412 ,2190000000 ,5490668490 ,6269440000 
